SKU,Description,Ridgefield latte,Oxford latte,Ridgefield pastel,Oxford Pastel,,,,,,,
3012,"12"" High Wall Cabinet",240,252,240,252,,,,,,B,
3612,"12"" High Wall Cabinet",280,294,280,294,,,,,,B,
2115,"15"" High Wall Cabinet",238,250,238,250,,,,,,B,
2415,"15"" High Wall Cabinet",244,257,244,257,,,,,,B,
3015,"15"" High Wall Cabinet",253,267,253,267,,,,,,B,
3315,"15"" High Wall Cabinet",285,299,285,299,,,,,,B,
3615,"15"" High Wall Cabinet",309,325,309,325,,,,,,B,
2118,"18"" High Wall Cabinet",270,284,270,284,,,,,,B,
2418,"18"" High Wall Cabinet",279,293,279,293,,,,,,B,
3018,"18"" High Wall Cabinet",288,303,288,303,,,,,,B,
3318,"18"" High Wall Cabinet",329,346,329,346,,,,,,B,
3618,"18"" High Wall Cabinet",345,363,345,363,,,,,,B,
2424,"24"" High Wall Cabinet",309,325,309,325,,,,,,B,
3024,"24"" High Wall Cabinet",333,350,333,350,,,,,,B,
3324,"24"" High Wall Cabinet",370,389,370,389,,,,,,B,
3624,"24"" High Wall Cabinet",382,401,382,401,,,,,,B,
3015x24,"24"" Deep Wall Cabinet",393,414,393,414,,,,,,B,
3315x24,"24"" Deep Wall Cabinet",414,435,414,435,,,,,,B,
3615x24,"24"" Deep Wall Cabinet",466,489,466,489,,,,,,B,
3018x24,"24"" Deep Wall Cabinet",413,434,413,434,,,,,,B,
3318x24,"24"" Deep Wall Cabinet",429,450,429,450,,,,,,B,
3618x24,"24"" Deep Wall Cabinet",477,501,477,501,,,,,,B,
3024x24,"24"" Deep Wall Cabinet",445,468,445,468,,,,,,B,
3324x24,"24"" Deep Wall Cabinet",468,491,468,491,,,,,,B,
3624x24,"24"" Deep Wall Cabinet",530,556,530,556,,,,,,B,
930,"30"" High Wall Cabinet",201,212,201,212,,,,,,B,
1230,"30"" High Wall Cabinet",217,228,217,228,,,,,,B,
1530,"30"" High Wall Cabinet",250,264,250,264,,,,,,B,
1830,"30"" High Wall Cabinet",273,287,273,287,,,,,,B,
2130,"30"" High Wall Cabinet",297,313,297,313,,,,,,B,
2430,"30"" High Wall Cabinet",328,345,328,345,,,,,,B,
2730,"30"" High Wall Cabinet",371,390,371,390,,,,,,B,
3030,"30"" High Wall Cabinet",386,405,386,405,,,,,,B,
3330,"30"" High Wall Cabinet",411,432,411,432,,,,,,B,
3630,"30"" High Wall Cabinet",427,448,427,448,,,,,,B,
3930,"30"" High Wall Cabinet",456,480,456,480,,,,,,B,
4230,"30"" High Wall Cabinet",532,559,532,559,,,,,,B,
4830,"30"" High Wall Cabinet",623,654,623,654,,,,,,B,
6030,"30"" High Wall Cabinet",737,775,737,775,,,,,,B,
6030-O,"30"" High Wall Combo Cabinet",680,714,680,714,,,,,,B,
CW2430,"30"" High Corner Wall cabinet",596,627,596,627,,,,,,B,
BLW24/2730,"30"" High Blind Wall cabinet",384,403,384,403,,,,,,B,
BLW30/3330,"30"" High Blind Wall cabinet",416,437,416,437,,,,,,B,
BLW36/3930,"30"" High Blind Wall cabinet",472,496,472,496,,,,,,B,
GD1230,"30"" High Glass Door",97,102,97,102,,,,,,B,
GD1530,"30"" High Glass Door",121,127,121,127,,,,,,B,
GD1830,"30"" High Glass Door",145,153,145,153,,,,,,B,
GD2430,"30"" High Glass Door",194,204,194,204,,,,,,B,
GD3030,"30"" High Glass Door",241,253,241,253,,,,,,B,
GD3630,"30"" High Glass Door",290,306,290,306,,,,,,B,
GDCW2430,"30"" High Corner Wall Glass Door",128,135,128,135,,,,,,B,
936,"36"" High Wall Cabinet",231,243,231,243,,,,,,B,
1236,"36"" High Wall Cabinet",263,276,263,276,,,,,,B,
1536,"36"" High Wall Cabinet",283,297,283,297,,,,,,B,
1836,"36"" High Wall Cabinet",330,347,330,347,,,,,,B,
2136,"36"" High Wall Cabinet",352,371,352,371,,,,,,B,
2436,"36"" High Wall Cabinet",392,413,392,413,,,,,,B,
2736,"36"" High Wall Cabinet",429,450,429,450,,,,,,B,
3036,"36"" High Wall Cabinet",441,464,441,464,,,,,,B,
3336,"36"" High Wall Cabinet",505,531,505,531,,,,,,B,
3636,"36"" High Wall Cabinet",547,575,547,575,,,,,,B,
3936,"36"" High Wall Cabinet",818,859,818,859,,,,,,B,
CW2436,"36"" High Corner Wall cabinet",662,696,662,696,,,,,,B,
CW2736,"36"" High Corner Wall cabinet",689,725,689,725,,,,,,B,
BLW24/2736,"36"" High Blind Wall cabinet",514,540,514,540,,,,,,B,
BLW36/3936,"36"" High Blind Wall cabinet",555,584,555,584,,,,,,B,
GD1236,"36"" High Glass Door",207,218,207,218,,,,,,B,
GD1536,"36"" High Glass Door",239,251,239,251,,,,,,B,
GD1836,"36"" High Glass Door",266,279,266,279,,,,,,B,
GD2436,"36"" High Glass Door",413,435,413,435,,,,,,B,
GD3036,"36"" High Glass Door",478,502,478,502,,,,,,B,
GD3636,"36"" High Glass Door",531,557,531,557,,,,,,B,
GDCW2436,"36"" High Corner Wall Glass Door",251,265,251,265,,,,,,B,
942,"42"" High Wall Cabinet",243,255,243,255,,,,,,B,
1242,"42"" High Wall Cabinet",288,303,288,303,,,,,,B,
1542,"42"" High Wall Cabinet",324,340,324,340,,,,,,B,
1842,"42"" High Wall Cabinet",363,381,363,381,,,,,,B,
2142,"42"" High Wall Cabinet",386,405,386,405,,,,,,B,
2442,"42"" High Wall Cabinet",470,493,470,493,,,,,,B,
2742,"42"" High Wall Cabinet",476,500,476,500,,,,,,B,
3042,"42"" High Wall Cabinet",509,535,509,535,,,,,,B,
3342,"42"" High Wall Cabinet",554,583,554,583,,,,,,B,
3642,"42"" High Wall Cabinet",612,643,612,643,,,,,,B,
3942,"42"" High Wall Cabinet",683,718,683,718,,,,,,B,
CW2442,"42"" High Corner Wall cabinet",722,759,722,759,,,,,,B,
CW2742,"42"" High Corner Wall cabinet",752,791,752,791,,,,,,B,
BLW24/2742,"42"" High Blind Wall cabinet",598,629,598,629,,,,,,B,
BLW36/3942,"42"" High Blind Wall cabinet",652,685,652,685,,,,,,B,
GD1242,"42"" High Glass Door",156,164,156,164,,,,,,B,
GD1542,"42"" High Glass Door",165,174,165,174,,,,,,B,
GD1842,"42"" High Glass Door",195,206,195,206,,,,,,B,
GD2442,"42"" High Glass Door",311,327,311,327,,,,,,B,
GD3042,"42"" High Glass Door",329,347,329,347,,,,,,B,
GD3642,"42"" High Glass Door",390,411,390,411,,,,,,B,
GDCW2442,"42"" High Corner Wall Glass Door",175,184,175,184,,,,,,B,
MW3030,"30"" Microwave Cabinet",577,606,577,606,,,,,,B,
MW3036,"36"" Microwave Cabinet",634,667,634,667,,,,,,B,
MW3042,"42"" Microwave Cabinet",657,691,657,691,,,,,,B,
PR3018,Plate Rack Cabinet,453,453,453,453,,,,,,B,
WR3018,Wine Rack Cabinet,476,476,476,476,,,,,,B,
WS630,"30"" High wall Knick Knack Shelf",183,183,183,183,,,,,,B,
WS636,"36"" High wall Knick Knack Shelf",213,213,213,213,,,,,,B,
WS642,"42"" High wall Knick Knack Shelf",234,234,234,234,,,,,,B,
WS1230,"30"" High wall Knick Knack Shelf",183,183,183,183,,,,,,B,
WS1236,"36"" High wall Knick Knack Shelf",213,213,213,213,,,,,,B,
WS1242,"42"" High wall Knick Knack Shelf",234,234,234,234,,,,,,B,
WEC1230,"30"" High Wall End Cabinet",258,271,258,271,,,,,,B,
WEC1236,"36"" High Wall End Cabinet",303,319,303,319,,,,,,B,
WEC1242,"42"" High Wall End Cabinet",349,368,349,368,,,,,,B,
B9,"9"" Base Cabinet",299,315,299,315,,,,,,B,
B12,"12"" Base Cabinet",330,347,330,347,,,,,,B,
B15,"15"" Base Cabinet",350,369,350,369,,,,,,B,
B18,"18"" Base Cabinet",366,384,366,384,,,,,,B,
B21,"21"" Base Cabinet",415,436,415,436,,,,,,B,
B24,"24"" Base Cabinet",447,470,447,470,,,,,,B,
B27,"27"" Base Cabinet",500,526,500,526,,,,,,B,
B30,"30"" Base Cabinet",528,554,528,554,,,,,,B,
B33,"33"" Base Cabinet",558,587,558,587,,,,,,B,
B36,"36"" Base Cabinet",584,614,584,614,,,,,,B,
B39,"39"" Base Cabinet",621,652,621,652,,,,,,B,
B42,"42"" Base Cabinet",691,726,691,726,,,,,,B,
BAC12FH,"12"" Base Angle Cabinet",408,429,408,429,,,,,,B,
BEC24,"24"" Base End Cabinet",691,727,691,727,,,,,,B,
DB12,"12"" 3-Drawer Base cabinet",590,621,590,621,,,,,,B,
DB15,"15"" 3-Drawer Base cabinet",633,666,633,666,,,,,,B,
DB18,"18"" 3-Drawer Base cabinet",672,707,672,707,,,,,,B,
DB24,"24"" 3-Drawer Base cabinet",800,842,800,842,,,,,,B,
DB30,"30"" 3-Drawer Base cabinet",878,924,878,924,,,,,,B,
DB36,"36"" 3-Drawer Base cabinet",918,966,918,966,,,,,,B,
BLB36/39,"36/39"" Blind Base Cabinet",539,567,539,567,,,,,,B,
BLB42/45,"42/45"" Blind Base Cabinet",609,640,609,640,,,,,,B,
BLB48/51,"48/51"" Blind Base Cabinet",701,737,701,737,,,,,,B,
CSF36,"36"" Corner Sink Front cabinet",190,200,190,200,,,,,,B,
CSFFL36,"36"" Corner Sink Front Floor",95,95,95,95,,,,,,B,
CSB36,"36"" Corner Sink Base cabinet",975,1026,975,1026,,,,,,B,
BLS33,"33"" Base Lazy Susan Cabinet",1228,1292,1228,1292,,,,,,B,
BLS36,"36"" Base Lazy Susan Cabinet",1235,1299,1235,1299,,,,,,B,
SB24,"24"" Sink Base Cabinet",393,414,393,414,,,,,,B,
SB27,"27"" Sink Base Cabinet",440,463,440,463,,,,,,B,
SB30,"30"" Sink Base Cabinet",463,486,463,486,,,,,,B,
SB33,"33"" Sink Base Cabinet",487,512,487,512,,,,,,B,
SB36,"36"" Sink Base Cabinet",494,520,494,520,,,,,,B,
SB39,"39"" Sink Base Cabinet",520,546,520,546,,,,,,B,
SB42,"42"" Sink Base Cabinet",541,569,541,569,,,,,,B,
SB48,"48"" Sink Base Cabinet",645,678,645,678,,,,,,B,
SB60,"60"" Sink Base Cabinet",774,812,774,812,,,,,,B,
FS30,"30"" Farm Sink Cabinet",1148,1208,1148,1208,,,,,,B,
FS33,"33"" Farm Sink Cabinet",1141,1201,1141,1201,,,,,,B,
FS36,"36"" Farm Sink Cabinet",1170,1231,1170,1231,,,,,,B,
UC1524X84,"84"" Utility Cabinet",1238,1303,1238,1303,,,,,,B,
UC1824x84,"84"" Utility Cabinet",1238,1303,1238,1303,,,,,,B,
UC1524X90,"90"" Utility Cabinet",1665,1729,1665,1729,,,,,,B,
UC1824x90,"90"" Utility Cabinet",1663,1727,1663,1727,,,,,,B,
UC1524X96,"96"" Utility Cabinet",1806,1870,1806,1870,,,,,,B,
UC1824x96,"96"" Utility Cabinet",1801,1865,1801,1865,,,,,,B,
UC2424x84,"84"" Utility Cabinet",1596,1660,1596,1660,,,,,,B,
UC2424x90,"90"" Utility Cabinet",1734,1798,1734,1798,,,,,,B,
UC2424x96,"96"" Utility Cabinet",1876,1940,1876,1940,,,,,,B,
UC3024X84,"84"" Utility Cabinet",2085,2149,2085,2149,,,,,,B,
UC3024X90,"90"" Utility Cabinet",2316,2380,2316,2380,,,,,,B,
UC3024X96,"96"" Utility Cabinet",2569,2633,2569,2633,,,,,,B,
OV3384,"84"" Oven Cabinet",1817,1877,1817,1877,,,,,,B,
OV3390,"90"" Oven Cabinet",1957,2017,1957,2017,,,,,,B,
OV3396,"96"" Oven Cabinet",2094,2154,2094,2154,,,,,,B,
V2421,"24"" Vanity Cabinet",442,465,442,465,,,,,,B,
V3021,"30"" Vanity Cabinet",469,492,469,492,,,,,,B,
V3621,"36"" Vanity Cabinet",502,528,502,528,,,,,,B,
VDB1221,"12"" Vanity Drawer Base Cabinet",470,494,470,494,,,,,,B,
VDB1521,"15"" Vanity Drawer Base Cabinet",510,536,510,536,,,,,,B,
V2421-30,"24"" Vanity Cabinet",367,385,367,385,,,,,,B,
V3021-30,"30"" Vanity Cabinet",401,422,401,422,,,,,,B,
V3621-30,"36"" Vanity Cabinet",467,490,467,490,,,,,,B,
V2421D-30,"24"" Vanity Combo Cabinet",539,567,539,567,,,,,,B,
V3021D-30,"30"" Vanity Combo Cabinet",615,646,615,646,,,,,,B,
V3621D-30,"36"" Vanity Combo Cabinet",682,717,682,717,,,,,,B,
V3021D,"30"" Vanity Combo Cabinet",782,822,782,822,,,,,,B,
V3621D,"36"" Vanity Combo Cabinet",814,855,814,855,,,,,,B,
V4821DD,"48"" Vanity Combo Cabinet",1231,1293,1231,1293,,,,,,B,
BWBK15-1,"15"" Waste Basket",481,481,481,481,,,,,,B,
BWBK18-2,"18"" Waste Basket",635,635,635,635,,,,,,B,
BWBK21-2,"21"" Waste Basket",881,881,881,881,,,,,,B,
BSPO3,"3"" Base Spice Cabinet",437,437,437,437,,,,,,B,
BSPO6,"6"" Base Spice Cabinet",523,523,523,523,,,,,,B,
WSP330,"30"" Wall Spice Pull Out",496,496,496,496,,,,,,B,
WSP336,"36"" Wall Spice Pull Out",524,524,524,524,,,,,,B,
WSP342,"42"" Wall Spice Pull Out",549,549,549,549,,,,,,B,
WSP630,"30"" Wall Spice Pull Out",558,558,558,558,,,,,,B,
WSP636,"36"" Wall Spice Pull Out",608,608,608,608,,,,,,B,
WSP642,"42"" Wall Spice Pull Out",642,642,642,642,,,,,,B,
Plastic-LS30,"30"" Wall Lazy Susan",285,285,285,285,,,,,,B,
Plastic-LS36/42,"42"" Wall Lazy Susan",440,440,440,440,,,,,,B,
Wood-LS30,"30"" Wall Lazy Susan",563,563,563,563,,,,,,B,
Wood-LS36/42,"36/42"" Wall Lazy Susan",880,880,880,880,,,,,,B,
TOT-15,"15"" Tilt Out Tray",166,166,166,166,,,,,,B,
TOT-18,"18"" Tilt Out Tray",168,168,168,168,,,,,,B,
SGR30,"30"" Stem Glass Rack",529,529,529,529,,,,,,B,
SGR36,"36"" Stem Glass Rack",576,576,576,576,,,,,,B,
AG2418,Appliance Garage,881,881,881,881,,,,,,B,
CAG2418,Corner Appliance Garage,975,975,975,975,,,,,,B,
POS12,"12"" Pull Out Shelf",102,102,102,102,,,,,,B,
POS15,"15"" Pull Out Shelf",111,111,111,111,,,,,,B,
POS18,"18"" Pull Out Shelf",123,123,123,123,,,,,,B,
POS21,"21"" Pull Out Shelf",134,134,134,134,,,,,,B,
POS24,"24"" Pull Out Shelf",142,142,142,142,,,,,,B,
POS27,"27"" Pull Out Shelf",153,153,153,153,,,,,,B,
POS30,"30"" Pull Out Shelf",164,164,164,164,,,,,,B,
POS33,"33"" Pull Out Shelf",172,172,172,172,,,,,,B,
POS36,"36"" Pull Out Shelf",184,184,184,184,,,,,,B,
WF330,"30"" Wall Filler",30,30,30,30,,,,,,B,
WF336,"36"" Wall Filler",37,37,37,37,,,,,,B,
WF342,"42"" Wall Filler",43,43,43,43,,,,,,B,
WF630,"30"" Wall Filler",50,50,50,50,,,,,,B,
WF642,"42"" Wall Filler",69,69,69,69,,,,,,B,
TF396,"96"" Tall Filler",147,147,147,147,,,,,,B,
TF696,"96"" Tall Filler",246,246,246,246,,,,,,B,
BF3,"3"" Base Filler",45,45,45,45,,,,,,B,
BF6,"6"" Base Filler",74,74,74,74,,,,,,B,
OWF330,"30"" Overlay Wall Filler",64,64,64,64,,,,,,B,
OWF336,"36"" Overlay Wall Filler",58,58,58,58,,,,,,B,
OWF342,"42"" Overlay Wall Filler",99,99,99,99,,,,,,B,
OTF384,"84"" Overlay Tall Filler",180,180,180,180,,,,,,B,
OTF396,"96"" Overlay Tall Filler",191,191,191,191,,,,,,B,
DWR3,"3"" Dishwasher Return",141,141,141,141,,,,,,B,
DWR6,"6"" Dishwasher Return",179,179,179,179,,,,,,B,
REP396,Refrigerator End Panel,320,320,320,320,,,,,,B,
UREP24X96,"24"" universal Refrigerator End Panel",268,268,268,268,,,,,,B,
PLY1/4,"1/4"" Plywood",403,403,403,403,,,,,,B,
PLY1/2,"1/2"" Plywood",421,421,421,421,,,,,,B,
PLY3/4,"3/4"" Plywood",519,519,519,519,,,,,,B,
PLYB4x8,"1/4"" Beaded Plywood",457,457,457,457,,,,,,B,
VAL-S,Straight Valance,181,181,181,181,,,,,,B,
VAL-A,Arched Valance,131,131,131,131,,,,,,B,
THOOD30,"30"" Traditional Hood",1838,1838,1838,1838,,,,,,B,
THOOD36,"36"" Traditional Hood",2072,2072,2072,2072,,,,,,B,
CS7,"7"" Shaker Corbel",302,302,302,302,,,,,,B,
CS10,"10"" Shaker Corbel",321,321,321,321,,,,,,B,
CV7,"7"" Violin Corbel",281,281,281,281,,,,,,B,
CV10,"10"" Violin Corbel",308,308,308,308,,,,,,B,
POST-P36,Post,544,544,544,544,,,,,,B,
POST-F36,Fluted Post,579,579,579,579,,,,,,B,
POST-S36,Shaker Post,703,703,703,703,,,,,,B,
SPINBASE-P,Base Spindle,311,311,311,311,,,,,,B,
SPIN-P-30,"30""  Spindle",304,304,304,304,,,,,,B,
SPIN-P-36,"36""  Spindle",315,315,315,315,,,,,,B,
SPIN-P-42,"42""  Spindle",328,328,328,328,,,,,,B,
SPINBASE-F,Fluted Base Spindle,331,331,331,331,,,,,,B,
SPIN-F-30,"30"" Fluted Spindle",324,324,324,324,,,,,,B,
SPIN-F-36,"36"" Fluted Spindle",335,335,335,335,,,,,,B,
SPIN-F-42,"42"" Fluted Spindle",348,348,348,348,,,,,,B,
SPINBASE-S,Shaker Base Spindle ,483,483,483,483,,,,,,B,
SPIN-S-30,"30"" Shaker Spindle",479,479,479,479,,,,,,B,
SPIN-S-36,"36"" Shaker Spindle",485,485,485,485,,,,,,B,
SPIN-S-42,"42"" Shaker Spindle",495,495,495,495,,,,,,B,
WDE1230,"30"" Wall Decorative Door",112,118,112,118,,,,,,B,
WDE1236,"36"" Wall Decorative Door",130,137,130,137,,,,,,B,
WDE1242,"42"" Wall Decorative Door",148,157,148,157,,,,,,B,
BDE24,Base Decorative Door,213,224,213,224,,,,,,B,
TDE84,"84"" Tall Decorative Door",570,598,570,598,,,,,,B,
TDE90,"90"" Tall Decorative Door",609,640,609,640,,,,,,B,
TDE96,"96"" Tall Decorative Door",648,681,648,681,,,,,,B,
TUK,Touch Up Kit,97,97,97,97,,,,,,B,
CRM2,Crown Molding,113,113,113,113,,,,,,B,
RCRM2,Royal Crown Molding,217,217,217,217,,,,,,B,
DM,Dental Molding,38,38,38,38,,,,,,B,
RM,Rope Molding,36,36,36,36,,,,,,B,
LTR2,Light Rail Molding,124,124,124,124,,,,,,B,
OCM,Outside Corner Molding,75,75,75,75,,,,,,B,
ICM2,Inside Corner Molding,75,75,75,75,,,,,,B,
SCM2,Scribe Molding,62,62,62,62,,,,,,B,
BM2,Base Molding,141,141,141,141,,,,,,B,
TKS,Toe Kick,94,94,94,94,,,,,,B,
DS12,Door Sample,97,97,97,97,,,,,,B,
SBF15,Sample Base Front,154,154,154,154,,,,,,B,
MINI BASE,Sample Mini Base,384,384,384,384,,,,,,B,
BASIC MOLDING CHAIN,#N/A,154,154,154,154,,,,,,B,
,,,,,,,,,,,,
,,,,,,,,,,,,
,,,,,,,,,,,,
SKU,Description,Dover Espresso ,Dover Café ,Newport Café ,Milan Latte,Dover Latte,Newport Latte,Dover Shale ,Milan Shale ,,,
1812,"12"" High Wall Cabinet",208,208,208,225,225,225,232,232,,P,
2412,"12"" High Wall Cabinet",253,253,253,275,275,275,284,284,,P,
3012,"12"" High Wall Cabinet",283,283,283,305,305,305,315,315,,P,
3312,"12"" High Wall Cabinet",314,314,314,339,339,339,350,350,,P,
3612,"12"" High Wall Cabinet",342,342,342,369,369,369,381,381,,P,
4212,"12"" High Wall Cabinet",367,367,367,397,397,397,409,409,,P,
4812,"12"" High Wall Cabinet",395,395,395,427,427,427,440,440,,P,
2415,"15"" High Wall Cabinet",253,253,253,286,286,286,295,295,,P,
3015,"15"" High Wall Cabinet",335,335,335,366,366,366,377,377,,P,
3315,"15"" High Wall Cabinet",365,365,365,395,395,395,407,407,,P,
3615,"15"" High Wall Cabinet",395,395,395,427,427,427,440,440,,P,
1818,"18"" High Wall Cabinet",222,222,222,239,239,239,247,247,,P,
2118,"18"" High Wall Cabinet",222,222,222,239,239,239,247,247,,P,
2418,"18"" High Wall Cabinet",283,283,283,305,305,305,315,315,,P,
3018,"18"" High Wall Cabinet",365,365,365,395,395,395,407,407,,P,
3318,"18"" High Wall Cabinet",395,395,395,427,427,427,440,440,,P,
3618,"18"" High Wall Cabinet",425,425,425,459,459,459,473,473,,P,
2421,"21"" High Wall Cabinet",310,310,310,335,335,335,346,346,,P,
3021,"21"" High Wall Cabinet",475,475,475,513,513,513,529,529,,P,
1224,"24"" High Wall Cabinet",277,277,277,300,300,300,309,309,,P,
1524,"24"" High Wall Cabinet",306,306,306,331,331,331,341,341,,P,
1824,"24"" High Wall Cabinet",335,335,335,362,362,362,373,373,,P,
2124,"24"" High Wall Cabinet",365,365,365,395,395,395,407,407,,P,
2424,"24"" High Wall Cabinet",415,415,415,448,448,448,462,462,,P,
2724,"24"" High Wall Cabinet",445,445,445,480,480,480,495,495,,P,
3024,"24"" High Wall Cabinet",475,475,475,513,513,513,529,529,,P,
3324,"24"" High Wall Cabinet",505,505,505,545,545,545,562,562,,P,
3624,"24"" High Wall Cabinet",532,532,532,575,575,575,593,593,,P,
4224,"24"" High Wall Cabinet",592,592,592,640,640,640,660,660,,P,
3027,"27"" High Wall Cabinet",484,484,484,522,522,522,538,538,,P,
3012x24,"24"" Deep Wall Cabinet",511,511,511,551,551,551,568,568,,P,
3612x24,"24"" Deep Wall Cabinet",570,570,570,616,616,616,635,635,,P,
4812x24,"24"" Deep Wall Cabinet",605,605,605,654,654,654,674,674,,P,
3015x24,"24"" Deep Wall Cabinet",513,513,513,554,554,554,571,571,,P,
3315x24,"24"" Deep Wall Cabinet",543,543,543,587,587,587,605,605,,P,
3615x24,"24"" Deep Wall Cabinet",573,573,573,619,619,619,638,638,,P,
3018X24,"24"" Deep Wall Cabinet",582,582,582,628,628,628,647,647,,P,
3318X24,"24"" Deep Wall Cabinet",560,560,560,605,605,605,624,624,,P,
3618X24,"24"" Deep Wall Cabinet",582,582,582,628,628,628,647,647,,P,
2424X24,"24"" Deep Wall Cabinet",445,445,445,480,480,480,495,495,,P,
3024x24,"24"" Deep Wall Cabinet",582,582,582,628,628,628,647,647,,P,
3324x24,"24"" Deep Wall Cabinet",612,612,612,661,661,661,681,681,,P,
3624x24,"24"" Deep Wall Cabinet",740,740,740,799,799,799,823,823,,P,
930,"30"" High Wall Cabinet",247,247,247,267,267,267,276,276,,P,
1230,"30"" High Wall Cabinet",277,277,277,300,300,300,309,309,,P,
1530,"30"" High Wall Cabinet",306,306,306,331,331,331,341,341,,P,
1830,"30"" High Wall Cabinet",335,335,335,362,362,362,373,373,,P,
2130,"30"" High Wall Cabinet",365,365,365,395,395,395,407,407,,P,
2430,"30"" High Wall Cabinet",423,423,423,457,457,457,471,471,,P,
2730,"30"" High Wall Cabinet",454,454,454,491,491,491,506,506,,P,
3030,"30"" High Wall Cabinet",484,484,484,523,523,523,539,539,,P,
3330,"30"" High Wall Cabinet",515,515,515,556,556,556,573,573,,P,
3630,"30"" High Wall Cabinet",543,543,543,587,587,587,605,605,,P,
3930,"30"" High Wall Cabinet",586,586,586,633,633,633,652,652,,P,
4230,"30"" High Wall Cabinet",618,618,618,668,668,668,689,689,,P,
4830,"30"" High Wall Cabinet",846,846,846,916,916,916,944,944,,P,
5430,"30"" High Wall Cabinet",908,908,908,982,982,982,1012,1012,,P,
CW2430,"30"" High Corner Wall cabinet",666,666,666,726,726,726,748,748,,P,
WSQ2430,"30"" High Wall Square Corner Cabinet",705,705,705,761,761,761,784,784,,P,
BLW27/3030,"30"" High Blind Wall cabinet",447,447,447,482,482,482,497,497,,P,
BLW30/3330,"30"" High Blind Wall cabinet",556,556,556,600,600,600,618,618,,P,
BLW36/3930,"30"" High Blind Wall cabinet",558,558,558,621,621,621,640,640,,P,
BLW39/4230,"30"" High Blind Wall cabinet",591,591,591,639,639,639,659,659,,P,
BLW42/4530,"30"" High Blind Wall cabinet",635,635,635,686,686,686,707,707,,P,
WFI1230,"30"" High Finished Interior Wall Cabinet",415,415,415,415,415,415,415,415,,P,
WFI1530,"30"" High Finished Interior Wall Cabinet",425,425,425,425,425,425,425,425,,P,
WFI1830,"30"" High Finished Interior Wall Cabinet",454,454,454,454,454,454,454,454,,P,
WFI2430,"30"" High Finished Interior Wall Cabinet",564,564,564,564,564,564,564,564,,P,
WFI3030,"30"" High Finished Interior Wall Cabinet",574,574,574,574,574,574,574,574,,P,
WFI3630,"30"" High Finished Interior Wall Cabinet",630,630,630,630,630,630,630,630,,P,
CWFI2430,"30"" High Finished Interior Corner Wall cabinet",655,655,655,655,655,655,655,655,,P,
GD1230,"30"" High Glass Door",146,146,146,158,158,158,163,163,,P,
GD1530,"30"" High Glass Door",149,149,149,161,161,161,166,166,,P,
GD1830,"30"" High Glass Door",166,166,166,179,179,179,185,185,,P,
GD2430,"30"" High Glass Door",292,292,292,316,316,316,326,326,,P,
GD3030,"30"" High Glass Door",298,298,298,322,322,322,332,332,,P,
GD3630,"30"" High Glass Door",332,332,332,358,358,358,369,369,,P,
GDCW2430,"30"" High Corner Wall Glass Door",149,149,149,161,161,161,166,166,,P,
MD1230,"30"" High Mullion Glass Door",161,161,161,174,174,174,180,180,,P,
MD1530,"30"" High Mullion Glass Door",164,164,164,177,177,177,183,183,,P,
MD1830,"30"" High Mullion Glass Door",183,183,183,198,198,198,204,204,,P,
MD2430,"30"" High Mullion Glass Door",322,322,322,348,348,348,359,359,,P,
MD3030,"30"" High Mullion Glass Door",328,328,328,354,354,354,365,365,,P,
MD3630,"30"" High Mullion Glass Door",366,366,366,396,396,396,408,408,,P,
MDCW2430,"30"" High Corner Wall Mullion Glass Door",164,164,164,177,177,177,183,183,,P,
ND1530,"30"" High 9 Light Glass Door",N/A,N/A,N/A,N/A,N/A,N/A,253,253,,P,
ND1830,"30"" High 9 Light Glass Door",N/A,N/A,N/A,N/A,N/A,N/A,282,282,,P,
ND3030,"30"" High 9 Light Glass Door",N/A,N/A,N/A,N/A,N/A,N/A,504,504,,P,
ND3630,"30"" High 9 Light Glass Door",N/A,N/A,N/A,N/A,N/A,N/A,564,564,,P,
NDCW2430,"30"" High 9 Light Corner Wall Glass Door",N/A,N/A,N/A,N/A,N/A,N/A,253,253,,P,
AFG1230,"30"" High Aluminum Glass Door",175,175,175,175,175,175,175,175,,P,
AFG1530,"30"" High Aluminum Glass Door",217,217,217,217,217,217,217,217,,P,
AFG1830,"30"" High Aluminum Glass Door",261,261,261,261,261,261,261,261,,P,
AFG2430,"30"" High Aluminum Glass Door",350,350,350,350,350,350,350,350,,P,
AFG3030,"30"" High Aluminum Glass Door",434,434,434,434,434,434,434,434,,P,
AFG3630,"30"" High Aluminum Glass Door",522,522,522,522,522,522,522,522,,P,
936,"36"" High Wall Cabinet",307,307,307,332,332,332,342,342,,P,
1236,"36"" High Wall Cabinet",335,335,335,362,362,362,373,373,,P,
1536,"36"" High Wall Cabinet",365,365,365,395,395,395,407,407,,P,
1836,"36"" High Wall Cabinet",406,406,406,438,438,438,452,452,,P,
2136,"36"" High Wall Cabinet",434,434,434,469,469,469,484,484,,P,
2436,"36"" High Wall Cabinet",483,483,483,522,522,522,538,538,,P,
2736,"36"" High Wall Cabinet",513,513,513,554,554,554,571,571,,P,
3036,"36"" High Wall Cabinet",543,543,543,587,587,587,605,605,,P,
3336,"36"" High Wall Cabinet",573,573,573,619,619,619,638,638,,P,
3636,"36"" High Wall Cabinet",603,603,603,651,651,651,671,671,,P,
3936,"36"" High Wall Cabinet",643,643,643,694,694,694,715,715,,P,
4236,"36"" High Wall Cabinet",661,661,661,714,714,714,736,736,,P,
4836,"36"" High Wall Cabinet",966,966,966,1045,1045,1045,1077,1077,,P,
CW2436,"36"" High Corner Wall cabinet",729,729,729,788,788,788,812,812,,P,
CW2736,"36"" High Corner Wall cabinet",759,759,759,820,820,820,845,845,,P,
WSQ2436,"36"" High Wall Square Corner Cabinet",766,766,766,827,827,827,852,852,,P,
BLW27/3036,"36"" High Blind Wall cabinet",494,494,494,533,533,533,549,549,,P,
BLW30/3336,"36"" High Blind Wall cabinet",544,544,544,587,587,587,605,605,,P,
BLW36/3936,"36"" High Blind Wall cabinet",644,644,644,695,695,695,716,716,,P,
BLW39/4236,"36"" High Blind Wall cabinet",676,676,676,730,730,730,752,752,,P,
WFI1236,"36"" High Finished Interior Wall Cabinet",472,472,472,472,472,472,472,472,,P,
WFI1536,"36"" High Finished Interior Wall Cabinet",482,482,482,482,482,482,482,482,,P,
WFI1836,"36"" High Finished Interior Wall Cabinet",507,507,507,507,507,507,507,507,,P,
WFI2436,"36"" High Finished Interior Wall Cabinet",619,619,619,619,619,619,619,619,,P,
WFI3036,"36"" High Finished Interior Wall Cabinet",629,629,629,629,629,629,629,629,,P,
WFI3636,"36"" High Finished Interior Wall Cabinet",689,689,689,689,689,689,689,689,,P,
CWFI2436,"36"" High Finished Interior Corner Wall cabinet",817,817,817,817,817,817,817,817,,P,
CWFI2736,"36"" High Finished Interior Corner Wall cabinet",858,858,858,858,858,858,858,858,,P,
GD1236,"36"" High Glass Door",157,157,157,176,176,176,182,182,,P,
GD1536,"36"" High Glass Door",167,167,167,180,180,180,186,186,,P,
GD1836,"36"" High Glass Door",185,185,185,200,200,200,206,206,,P,
GD2436,"36"" High Glass Door",314,314,314,352,352,352,363,363,,P,
GD3036,"36"" High Glass Door",334,334,334,360,360,360,371,371,,P,
GD3636,"36"" High Glass Door",370,370,370,400,400,400,412,412,,P,
GDCW2436,"36"" High Corner Wall Glass Door",167,167,167,180,180,180,186,186,,P,
MD1236,"36"" High Mullion Glass Door",163,163,163,182,182,182,188,188,,P,
MD1536,"36"" High Mullion Glass Door",174,174,174,193,193,193,199,199,,P,
MD1836,"36"" High Mullion Glass Door",193,193,193,213,213,213,220,220,,P,
MD2436,"36"" High Mullion Glass Door",336,336,336,364,364,364,375,375,,P,
MD3036,"36"" High Mullion Glass Door",358,358,358,386,386,386,398,398,,P,
MD3636,"36"" High Mullion Glass Door",396,396,396,426,426,426,439,439,,P,
MDCW2436,"36"" High Corner Wall Mullion Glass Door",174,174,174,193,193,193,199,199,,P,
ND1536,"36"" High 9 Light Glass Door",N/A,N/A,N/A,N/A,N/A,N/A,275,275,,P,
ND1836,"36"" High 9 Light Glass Door",N/A,N/A,N/A,N/A,N/A,N/A,307,307,,P,
ND3036,"36"" High 9 Light Glass Door",N/A,N/A,N/A,N/A,N/A,N/A,550,550,,P,
ND3636,"36"" High 9 Light Glass Door",N/A,N/A,N/A,N/A,N/A,N/A,606,606,,P,
NDCW2436,"36"" High 9 Light Corner Wall Glass Door",N/A,N/A,N/A,N/A,N/A,N/A,275,275,,P,
AFG1236,"36"" High Aluminum Glass Door",209,209,209,209,209,209,209,209,,P,
AFG1536,"36"" High Aluminum Glass Door",261,261,261,261,261,261,261,261,,P,
AFG1836,"36"" High Aluminum Glass Door",314,314,314,314,314,314,314,314,,P,
AFG2436,"36"" High Aluminum Glass Door",418,418,418,418,418,418,418,418,,P,
AFG3036,"36"" High Aluminum Glass Door",522,522,522,522,522,522,522,522,,P,
AFG3636,"36"" High Aluminum Glass Door",628,628,628,628,628,628,628,628,,P,
942,"42"" High Wall Cabinet",357,357,357,385,385,385,397,397,,P,
1242,"42"" High Wall Cabinet",385,385,385,415,415,415,428,428,,P,
1542,"42"" High Wall Cabinet",415,415,415,448,448,448,462,462,,P,
1842,"42"" High Wall Cabinet",454,454,454,491,491,491,506,506,,P,
2142,"42"" High Wall Cabinet",495,495,495,534,534,534,551,551,,P,
2442,"42"" High Wall Cabinet",535,535,535,577,577,577,595,595,,P,
2742,"42"" High Wall Cabinet",566,566,566,611,611,611,630,630,,P,
3042,"42"" High Wall Cabinet",645,645,645,696,696,696,717,717,,P,
3342,"42"" High Wall Cabinet",678,678,678,732,732,732,754,754,,P,
3642,"42"" High Wall Cabinet",711,711,711,768,768,768,792,792,,P,
3942,"42"" High Wall Cabinet",750,750,750,810,810,810,835,835,,P,
4242,"42"" High Wall Cabinet",787,787,787,850,850,850,876,876,,P,
4842,"42"" High Wall Cabinet",1070,1070,1070,1156,1156,1156,1191,1191,,P,
CW2442,"42"" High Corner Wall cabinet",789,789,789,853,853,853,879,879,,P,
CW2742,"42"" High Corner Wall cabinet",819,819,819,885,885,885,912,912,,P,
WSQ2442,"42"" High Wall Square Corner Cabinet",793,793,793,856,856,856,882,882,,P,
BLW27/3042,"42"" High Blind Wall cabinet",557,557,557,602,602,602,621,621,,P,
BLW30/3342,"42"" High Blind Wall cabinet",567,567,567,612,612,612,631,631,,P,
BLW36/3942,"42"" High Blind Wall cabinet",676,676,676,730,730,730,752,752,,P,
BLW39/4242,"42"" High Blind Wall cabinet",666,666,666,720,720,720,742,742,,P,
WFI1242,"42"" High Finished Interior Wall Cabinet",527,527,527,527,527,527,527,527,,P,
WFI1542,"42"" High Finished Interior Wall Cabinet",537,537,537,537,537,537,537,537,,P,
WFI1842,"42"" High Finished Interior Wall Cabinet",563,563,563,563,563,563,563,563,,P,
WFI2442,"42"" High Finished Interior Wall Cabinet",679,679,679,679,679,679,679,679,,P,
WFI3042,"42"" High Finished Interior Wall Cabinet",689,689,689,689,689,689,689,689,,P,
WFI3642,"42"" High Finished Interior Wall Cabinet",747,747,747,747,747,747,747,747,,P,
CWFI2442,"42"" High Finished Interior Corner Wall cabinet",881,881,881,881,881,881,881,881,,P,
CWFI2742,"42"" High Finished Interior Corner Wall cabinet",925,925,925,925,925,925,925,925,,P,
GD1242,"42"" High Glass Door",176,176,176,197,197,197,203,203,,P,
GD1542,"42"" High Glass Door",186,186,186,201,201,201,208,208,,P,
GD1842,"42"" High Glass Door",204,204,204,220,220,220,227,227,,P,
GD2442,"42"" High Glass Door",352,352,352,393,393,393,405,405,,P,
GD3042,"42"" High Glass Door",372,372,372,402,402,402,415,415,,P,
GD3642,"42"" High Glass Door",408,408,408,440,440,440,454,454,,P,
GDCW2442,"42"" High Corner Wall Glass Door",186,186,186,201,201,201,208,208,,P,
MD1242,"42"" High Mullion Glass Door",194,194,194,202,202,202,209,209,,P,
MD1542,"42"" High Mullion Glass Door",206,206,206,214,214,214,221,221,,P,
MD1842,"42"" High Mullion Glass Door",224,224,224,233,233,233,240,240,,P,
MD2442,"42"" High Mullion Glass Door",388,388,388,404,404,404,417,417,,P,
MD3042,"42"" High Mullion Glass Door",412,412,412,428,428,428,441,441,,P,
MD3642,"42"" High Mullion Glass Door",448,448,448,466,466,466,480,480,,P,
MDCW2442,"42"" High Corner Wall Mullion Glass Door",206,206,206,214,214,214,221,221,,P,
ND1542,"42"" High 9 Light Glass Door",N/A,N/A,N/A,N/A,N/A,N/A,305,305,,P,
ND1842,"42"" High 9 Light Glass Door",N/A,N/A,N/A,N/A,N/A,N/A,332,332,,P,
ND3042,"42"" High 9 Light Glass Door",N/A,N/A,N/A,N/A,N/A,N/A,609,609,,P,
ND3642,"42"" High 9 Light Glass Door",N/A,N/A,N/A,N/A,N/A,N/A,663,663,,P,
NDCW2442,"42"" High 9 Light Corner Wall Glass Door",N/A,N/A,N/A,N/A,N/A,N/A,305,305,,P,
AFG1242,"42"" High Aluminum Glass Door",250,250,250,250,250,250,250,250,,P,
AFG1542,"42"" High Aluminum Glass Door",314,314,314,314,314,314,314,314,,P,
AFG1842,"42"" High Aluminum Glass Door",375,375,375,375,375,375,375,375,,P,
AFG2442,"42"" High Aluminum Glass Door",500,500,500,500,500,500,500,500,,P,
AFG3042,"42"" High Aluminum Glass Door",628,628,628,628,628,628,628,628,,P,
AFG3642,"42"" High Aluminum Glass Door",750,750,750,750,750,750,750,750,,P,
3012HD,"12"" High Horizontal cabinet",553,553,553,575,575,575,593,593,,P,
3015HD,"15"" High Horizontal cabinet",605,605,605,636,636,636,656,656,,P,
3018HD,"18"" High Horizontal cabinet",635,635,635,665,665,665,685,685,,P,
3612HD,"12"" High Horizontal cabinet",612,612,612,639,639,639,659,659,,P,
3615HD,"15"" High Horizontal cabinet",665,665,665,697,697,697,718,718,,P,
3618HD,"18"" High Horizontal cabinet",695,695,695,729,729,729,751,751,,P,
AFG3012HD,"12"" High Horizontal cabinet W/ Aluminum Frame Door",643,643,643,658,658,658,658,658,,P,
AFG3015HD,"15"" High Horizontal cabinet W/ Aluminum Frame Door",721,721,721,743,743,743,743,743,,P,
AFG3018HD,"18"" High Horizontal cabinet W/ Aluminum Frame Door",786,786,786,807,807,807,807,807,,P,
AFG3612HD,"12"" High Horizontal cabinet W/ Aluminum Frame Door",718,718,718,737,737,737,737,737,,P,
AFG3615HD,"15"" High Horizontal cabinet W/ Aluminum Frame Door",807,807,807,830,830,830,830,830,,P,
AFG3618HD,"18"" High Horizontal cabinet W/ Aluminum Frame Door",881,881,881,905,905,905,905,905,,P,
MW3018,"18"" Microwave Cabinet",313,313,313,325,325,325,325,325,,P,
MWS3018,"30"" Solid Frame Microwave Cabinet",455,455,455,492,492,492,492,492,,P,
MW3030,"30"" Microwave Cabinet",455,455,455,492,492,492,507,507,,P,
WEC1230,"30"" High Wall End Cabinet",335,335,335,374,374,374,386,386,,P,
WEC1236,"36"" High Wall End Cabinet",395,395,395,440,440,440,454,454,,P,
WEC1242,"42"" High Wall End Cabinet",455,455,455,506,506,506,522,522,,P,
WECD1230,"30"" High Wall End Door Cabinet",335,335,335,362,362,362,373,373,,P,
WECD1236,"36"" High Wall End Door Cabinet",395,395,395,427,427,427,440,440,,P,
WECD1242,"42"" High Wall End Door Cabinet",455,455,455,492,492,492,507,507,,P,
CW2418,"18"" High Top Of Counter cabinet",897,897,897,957,957,957,986,986,,P,
WD1818,"18"" Top of Counter Cabinet",543,543,543,587,587,587,605,605,,P,
WD1848,"48"" Top of Counter Cabinet",N/A,N/A,N/A,1149,1149,1149,1178,1178,,P,
WD1854,"54"" Top of Counter Cabinet",N/A,N/A,N/A,1225,1225,1225,1257,1257,,P,
WD1860,"60"" Top of Counter Cabinet",N/A,N/A,N/A,1278,1278,1278,1311,1311,,P,
WR3018,Wine Rack Cabinet,367,367,367,378,378,378,378,378,,P,
PR3018,Plate Rack Cabinet,367,367,367,378,378,378,378,378,,P,
WS630,"30"" High wall Knick Knack Shelf",160,160,160,160,160,160,160,160,,P,
WS636,"36"" High wall Knick Knack Shelf",189,189,189,189,189,189,189,189,,P,
WS642,"42"" High wall Knick Knack Shelf",217,217,217,217,217,217,217,217,,P,
WS1230,"30"" High wall Knick Knack Shelf",217,217,217,217,217,217,217,217,,P,
WS1236,"36"" High wall Knick Knack Shelf",234,234,234,234,234,234,234,234,,P,
WS1242,"42"" High wall Knick Knack Shelf",250,250,250,250,250,250,250,250,,P,
B9,"9"" Base Cabinet",415,415,415,448,448,448,462,462,,P,
B12,"12"" Base Cabinet",455,455,455,492,492,492,507,507,,P,
B15,"15"" Base Cabinet",494,494,494,533,533,533,549,549,,P,
B18,"18"" Base Cabinet",532,532,532,575,575,575,593,593,,P,
B21,"21"" Base Cabinet",573,573,573,619,619,619,638,638,,P,
B24,"24"" Base Cabinet",612,612,612,661,661,661,681,681,,P,
B27,"27"" Base Cabinet",652,652,652,705,705,705,727,727,,P,
B30,"30"" Base Cabinet",710,710,710,767,767,767,791,791,,P,
B33,"33"" Base Cabinet",767,767,767,828,828,828,853,853,,P,
B36,"36"" Base Cabinet",807,807,807,871,871,871,898,898,,P,
B39,"39"" Base Cabinet",845,845,845,913,913,913,941,941,,P,
B42,"42"" Base Cabinet",887,887,887,958,958,958,987,987,,P,
B48,"48"" Base Cabinet",968,968,968,1046,1046,1046,1078,1078,,P,
DB12,"12"" 3-Drawer Base cabinet",710,710,710,767,767,767,791,791,,P,
DB15,"15"" 3-Drawer Base cabinet",751,751,751,811,811,811,836,836,,P,
DB18,"18"" 3-Drawer Base cabinet",789,789,789,853,853,853,879,879,,P,
DB21,"21"" 3-Drawer Base cabinet",828,828,828,894,894,894,921,921,,P,
DB24,"24"" 3-Drawer Base cabinet",906,906,906,979,979,979,1009,1009,,P,
DB30,"30"" 3-Drawer Base cabinet",989,989,989,1068,1068,1068,1101,1101,,P,
DB33,"33"" 3-Drawer Base cabinet",1008,1008,1008,1089,1089,1089,1122,1122,,P,
DB36,"36"" 3-Drawer Base cabinet",1027,1027,1027,1109,1109,1109,1143,1143,,P,
DB30-2,"30"" 2-Drawer Base cabinet",986,986,986,1068,1068,1068,1101,1101,,P,
DB15-4,"15"" 4-Drawer Base cabinet",N/A,N/A,N/A,974,974,974,1004,1004,,P,
DB18-4,"18"" 4-Drawer Base cabinet",N/A,N/A,N/A,1024,1024,1024,1055,1055,,P,
DB21-4,"21"" 4-Drawer Base cabinet",N/A,N/A,N/A,1073,1073,1073,1106,1106,,P,
DB30-4,"30"" 4-Drawer Base cabinet",N/A,N/A,N/A,1282,1282,1282,1322,1322,,P,
B9FH,"9"" Full Height Base Cabinet",352,352,352,381,381,381,393,393,,P,
B12FH,"12"" Full Height Base Cabinet",376,376,376,406,406,406,419,419,,P,
B15FH,"15"" Full Height Base Cabinet",406,406,406,438,438,438,452,452,,P,
B18FH,"18"" Full Height Base Cabinet",421,421,421,455,455,455,469,469,,P,
B21FH,"21"" Full Height Base Cabinet",464,464,464,501,501,501,517,517,,P,
B24FH,"24"" Full Height Base Cabinet",513,513,513,554,554,554,571,571,,P,
B27FH,"27"" Full Height Base Cabinet",543,543,543,587,587,587,605,605,,P,
B30FH,"30"" Full Height Base Cabinet",573,573,573,619,619,619,638,638,,P,
B33FH,"33"" Full Height Base Cabinet",603,603,603,651,651,651,671,671,,P,
B36FH,"36"" Full Height Base Cabinet",631,631,631,681,681,681,702,702,,P,
B39FH,"39"" Full Height Base Cabinet",694,694,694,749,749,749,772,772,,P,
B42FH,"42"" Full Height Base Cabinet",764,764,764,824,824,824,849,849,,P,
B48FH,"48"" Full Height Base Cabinet",840,840,840,906,906,906,934,934,,P,
SB24,"24"" Sink Base Cabinet",513,513,513,554,554,554,571,571,,P,
SB27,"27"" Sink Base Cabinet",543,543,543,587,587,587,605,605,,P,
SB30,"30"" Sink Base Cabinet",573,573,573,619,619,619,638,638,,P,
SB33,"33"" Sink Base Cabinet",603,603,603,651,651,651,671,671,,P,
SB36,"36"" Sink Base Cabinet",631,631,631,681,681,681,702,702,,P,
SB39,"39"" Sink Base Cabinet",672,672,672,725,725,725,747,747,,P,
SB42,"42"" Sink Base Cabinet",710,710,710,767,767,767,791,791,,P,
SB48,"48"" Sink Base Cabinet",816,816,816,882,882,882,909,909,,P,
BLB36/39,"36/39"" Blind Base Cabinet",664,664,664,717,717,717,739,739,,P,
BLB39/42,"39/42"" Blind Base Cabinet",697,697,697,753,753,753,776,776,,P,
BLB42/45,"42/45"" Blind Base Cabinet",729,729,729,788,788,788,812,812,,P,
BLB45/48,"45/48"" Blind Base Cabinet",763,763,763,824,824,824,849,849,,P,
BLB48/51,"48/51"" Blind Base Cabinet",796,796,796,860,860,860,886,886,,P,
CSF36,"36"" Corner Sink Front cabinet",346,346,346,374,374,374,386,386,,P,
CSFFL36,"36"" Corner Sink Front Floor",95,95,95,95,95,95,95,95,,P,
CSB33,"33"" Corner Sink Base cabinet",933,933,933,1008,1008,1008,1039,1039,,P,
CSB36,"36"" Corner Sink Base cabinet",1036,1036,1036,1119,1119,1119,1153,1153,,P,
BLS33,"33"" Base Lazy Susan Cabinet",1282,1282,1282,1385,1385,1385,1427,1427,,P,
BLS36,"36"" Base Lazy Susan Cabinet",1282,1282,1282,1385,1385,1385,1427,1427,,P,
BSQC33,"33"" Base Square Corner Cabinet",1056,1056,1056,1140,1140,1140,1175,1175,,P,
BSQC36,"36"" Base Square Corner Cabinet",1066,1066,1066,1151,1151,1151,1186,1186,,P,
BM24,"24"" Base Microwave Cabinet",777,777,777,839,839,839,865,865,,P,
BM30,"30"" Base Microwave Cabinet",825,825,825,891,891,891,918,918,,P,
BO30,"30"" Base Oven Cabinet",632,632,632,683,683,683,683,683,,P,
BO33,"33"" Base Oven Cabinet",722,722,722,780,780,780,780,780,,P,
BAC24FH,"24"" Base Angle Cabinet",691,691,691,746,746,746,769,769,,P,
BEC24,"24"" Base End Cabinet",691,691,691,746,746,746,769,769,,P,
BAC12FH,"12"" Base Angle Cabinet",434,434,434,483,483,483,498,498,,P,
BSP6,"6"" Base Spice Cabinet",337,337,337,364,364,364,375,375,,P,
BSP9,"9"" Base Spice Cabinet",406,406,406,438,438,438,452,452,,P,
BS24,"24"" Base Knick Knack Cabinet",291,291,291,294,294,294,294,294,,P,
FS30,"30"" Farm Sink Cabinet",1173,1173,1173,1256,1256,1256,1294,1294,,P,
FS33,"33"" Farm Sink Cabinet",1204,1204,1204,1252,1252,1252,1290,1290,,P,
FS36,"36"" Farm Sink Cabinet",1232,1232,1232,1283,1283,1283,1322,1322,,P,
UC1524x84,"84"" Utility Cabinet",1340,1340,1340,1447,1447,1447,1491,1491,,P,
UC1524x90,"90"" Utility Cabinet",1736,1736,1736,1875,1875,1875,1932,1932,,P,
UC1524x96,"96"" Utility Cabinet",1865,1865,1865,2014,2014,2014,2075,2075,,P,
UC1824x84,"84"" Utility Cabinet",1340,1340,1340,1447,1447,1447,1491,1491,,P,
UC1824x90,"90"" Utility Cabinet",1736,1736,1736,1875,1875,1875,1932,1932,,P,
UC1824x96,"96"" Utility Cabinet",1865,1865,1865,2014,2014,2014,2075,2075,,P,
UC2412x84,"84"" Utility Cabinet",1261,1261,1261,1362,1362,1362,1403,1403,,P,
UC2412x90,"90"" Utility Cabinet",1389,1389,1389,1500,1500,1500,1545,1545,,P,
UC2412x96,"96"" Utility Cabinet",1518,1518,1518,1639,1639,1639,1689,1689,,P,
UC2424x84,"84"" Utility Cabinet",1672,1672,1672,1806,1806,1806,1861,1861,,P,
UC2424x90,"90"" Utility Cabinet",1804,1804,1804,1945,1945,1945,2004,2004,,P,
UC2424x96,"96"" Utility Cabinet",1929,1929,1929,2084,2084,2084,2147,2147,,P,
UC3024x84,"84"" Utility Cabinet",2025,2025,2025,2296,2296,2296,2365,2365,,P,
UC3024x90,"90"" Utility Cabinet",2227,2227,2227,2526,2526,2526,2602,2602,,P,
UC3024x96,"96"" Utility Cabinet",2450,2450,2450,2778,2778,2778,2862,2862,,P,
OV3384,"84"" Oven Cabinet",1801,1801,1801,1945,1945,1945,2004,2004,,P,
OV3390,"90"" Oven Cabinet",1929,1929,1929,2084,2084,2084,2147,2147,,P,
OV3396,"96"" Oven Cabinet",2058,2058,2058,2222,2222,2222,2289,2289,,P,
V1816,"18"" Vanity Cabinet",425,425,425,459,459,459,473,473,,P,
V2418,"24"" Vanity Cabinet",544,544,544,587,587,587,605,605,,P,
V3018,"30"" Vanity Cabinet",567,567,567,612,612,612,631,631,,P,
V2121,"21"" Vanity Cabinet",494,494,494,533,533,533,549,549,,P,
V2421,"24"" Vanity Cabinet",562,562,562,607,607,607,626,626,,P,
V3021,"30"" Vanity Cabinet",622,622,622,672,672,672,693,693,,P,
V3621,"36"" Vanity Cabinet",691,691,691,746,746,746,769,769,,P,
V4221,"42"" Vanity Cabinet",958,958,958,1066,1066,1066,1098,1098,,P,
V4821,"48"" Vanity Cabinet",1030,1030,1030,1113,1113,1113,1147,1147,,P,
V2421D,"24"" Vanity Combo Cabinet",1000,1000,1000,1070,1070,1070,1103,1103,,P,
V3021D,"30"" Vanity Combo Cabinet",1021,1021,1021,1120,1120,1120,1154,1154,,P,
V3621D,"36"" Vanity Combo Cabinet",1063,1063,1063,1190,1190,1190,1226,1226,,P,
V4821DD,"48"" Vanity Combo Cabinet",1607,1607,1607,1735,1735,1735,1788,1788,,P,
VDB1221,"12"" Vanity Drawer Base Cabinet",592,592,592,640,640,640,660,660,,P,
VDB1521,"15"" Vanity Drawer Base Cabinet",631,631,631,681,681,681,702,702,,P,
VDB1821,"18"" Vanity Drawer Base Cabinet",672,672,672,725,725,725,747,747,,P,
VL1821x80,Vanity Linen Cabinet,1233,1233,1233,1332,1332,1332,1372,1372,,P,
VOL1821x80,Vanity Open Linen Cabinet,1085,1085,1085,1172,1172,1172,1208,1208,,P,
WF330,"30"" Wall Filler",30,30,30,30,30,30,30,30,,P,
WF336,"36"" Wall Filler",37,37,37,37,37,37,37,37,,P,
WF342,"42"" Wall Filler",43,43,43,43,43,43,43,43,,P,
WF630,"30"" Wall Filler",50,50,50,50,50,50,50,50,,P,
WF636,"36"" Wall Filler",62,62,62,62,62,62,62,62,,P,
WF642,"42"" Wall Filler",69,69,69,69,69,69,69,69,,P,
OWF330,"30"" Overlay Wall Filler",32,32,32,32,32,32,32,32,,P,
OWF336,"36"" Overlay Wall Filler",37,37,37,37,37,37,37,37,,P,
OWF342,"42"" Overlay Wall Filler",45,45,45,45,45,45,45,45,,P,
TF396,"96"" Tall Filler",147,147,147,147,147,147,147,147,,P,
TF696,"96"" Tall Filler",246,246,246,246,246,246,246,246,,P,
OTF384,"84"" Overlay Tall Filler",129,129,129,129,129,129,129,129,,P,
OTF390,"90"" Overlay Tall Filler",137,137,137,137,137,137,137,137,,P,
OTF396,"96"" Overlay Tall Filler",147,147,147,147,147,147,147,147,,P,
BF3,"3"" Base Filler",45,45,45,45,45,45,45,45,,P,
BF6,"6"" Base Filler",74,74,74,74,74,74,74,74,,P,
FF330,"30"" Fluted Filler",63,63,63,63,63,63,63,63,,P,
FF336,"36"" Fluted Filler",74,74,74,74,74,74,74,74,,P,
FF342,"42"" Fluted Filler",95,95,95,95,95,95,95,95,,P,
FF630,"30"" Fluted Filler",109,109,109,109,109,109,109,109,,P,
FF636,"36"" Fluted Filler",124,124,124,124,124,124,124,124,,P,
FF642,"42"" Fluted Filler",140,140,140,140,140,140,140,140,,P,
DWR3,"3"" Dishwasher Return",141,141,141,141,141,141,141,141,,P,
DWR6,"6"" Dishwasher Return",179,179,179,179,179,179,179,179,,P,
REP396,Refrigerator End Panel,320,320,320,320,320,320,320,320,,P,
UREP1296,"12"" universal Refrigerator End Panel",143,143,143,143,143,143,143,143,,P,
UREP3096,"30"" universal Refrigerator End Panel",286,286,286,286,286,286,286,286,,P,
PLY1/4,"1/4"" Plywood",289,289,289,289,289,289,289,289,,P,
PLYB4X8,"1/4"" Beaded Plywood",320,320,320,320,320,320,320,320,,P,
WES30,"30"" Wall End  Skin",41,41,41,41,41,41,41,41,,P,
WES42,"42"" Wall End  Skin",54,54,54,54,54,54,54,54,,P,
BES34,Base End Skin,44,44,44,44,44,44,44,44,,P,
TES96,Tall End Skin,228,228,228,228,228,228,228,228,,P,
CLM-30,"30"" Column",220,220,220,220,220,220,220,220,,P,
CLM-36,"36"" Column",255,255,255,255,255,255,255,255,,P,
CLM-42,"42"" Column",298,298,298,298,298,298,298,298,,P,
CLM-96,"96"" Column",656,656,656,656,656,656,656,656,,P,
CLM-BASE,Base Column,405,405,405,405,405,405,405,405,,P,
DEP24,"24"" Desk End Panel",138,138,138,138,138,138,138,138,,P,
BWBK15-1,"15"" Waste Basket",481,481,481,481,481,481,481,481,,P,
BWBK18-2,"18"" Waste Basket",635,635,635,635,635,635,635,635,,P,
BWBK21-2,"21"" Waste Basket",881,881,881,881,881,881,881,881,,P,
SC-BWBK15-1,"15"" Soft Close Waste Basket",693,693,693,693,693,693,693,693,,P,
SC-BWBK18-2,"18"" Soft Close Waste Basket",847,847,847,847,847,847,847,847,,P,
WSP330,"30"" Wall Spice Pull Out",496,496,496,496,496,496,496,496,,P,
WSP336,"36"" Wall Spice Pull Out",524,524,524,524,524,524,524,524,,P,
WSP342,"42"" Wall Spice Pull Out",549,549,549,549,549,549,549,549,,P,
WSP630,"30"" Wall Spice Pull Out",558,558,558,558,558,558,558,558,,P,
WSP636,"36"" Wall Spice Pull Out",608,608,608,608,608,608,608,608,,P,
WSP642,"42"" Wall Spice Pull Out",642,642,642,642,642,642,642,642,,P,
TCD-15/18,"15/18"" Trimmable Cutlery Divider",262,262,262,262,262,262,262,262,,P,
TCD-21/24,"21/24"" Trimmable Cutlery Divider",312,312,312,312,312,312,312,312,,P,
DCD-15,"15"" Drawer Cutlery Divider",763,763,763,763,763,763,763,763,,P,
DCD-18,"18"" Drawer Cutlery Divider",779,779,779,779,779,779,779,779,,P,
DCD-21,"21"" Drawer Cutlery Divider",824,824,824,824,824,824,824,824,,P,
DCD-24,"24"" Drawer Cutlery Divider",872,872,872,872,872,872,872,872,,P,
PLASTIC-LS30,"30"" Wall Lazy Susan",285,285,285,285,285,285,285,285,,P,
PLASTIC-LS36/42,"42"" Wall Lazy Susan",440,440,440,440,440,440,440,440,,P,
WOOD-LS30,"30"" Wall Lazy Susan",563,563,563,563,563,563,563,563,,P,
WOOD-LS36/42,"36/42"" Wall Lazy Susan",880,880,880,880,880,880,880,880,,P,
TOT-15,"15"" Tilt Out Tray",166,166,166,166,166,166,166,166,,P,
TOT-18,"18"" Tilt Out Tray",168,168,168,168,168,168,168,168,,P,
BCO,Blind Corner Optimizer,1231,1231,1231,1231,1231,1231,1231,1231,,P,
SC-BCO,Soft Close Blind Corner Optimizer,1635,1635,1635,1635,1635,1635,1635,1635,,P,
RHC4236-CV,Range Hood Cabinet ,2250,2250,2250,2327,2327,2327,2397,2397,,P,
RHC4236-CS,Range Hood Cabinet ,2288,2288,2288,2365,2365,2365,2436,2436,,P,
RH3642,Range Hood,1419,1419,1419,1419,1419,1419,1419,1419,,P,
RHA3642,Arched Range Hood,1696,1696,1696,1696,1696,1696,1696,1696,,P,
CRM,Crown Molding,113,113,113,113,113,113,113,113,,P,
CRMS,Shaker Crown Molding,105,105,105,105,105,105,105,105,,P,
RCRM,Royal Crown Molding,217,217,217,217,217,217,217,217,,P,
RM,Rope Molding,36,36,36,36,36,36,36,36,,P,
DM,Dental Molding,38,38,38,38,38,38,38,38,,P,
RCRMS,Shaker Royal Crown Molding,217,217,217,217,217,217,217,217,,P,
RCRMC,Curved Shaker Royal Crown Molding,208,208,208,208,208,208,208,208,,P,
LTRM,Light Rail Molding,124,124,124,124,124,124,124,124,,P,
LTRMS,Shaker Light Rail Molding,124,124,124,124,124,124,124,124,,P,
TBM,Trim Beaded molding,80,80,80,80,80,80,80,80,,P,
TBMS,Shaker Trim Beaded molding,76,76,76,76,76,76,76,76,,P,
OCM,Outside Corner Molding,75,75,75,75,75,75,75,75,,P,
ICM,Inside Corner Molding,75,75,75,75,75,75,75,75,,P,
SCM,Scribe Molding,62,62,62,62,62,62,62,62,,P,
BSM,Base Molding,141,141,141,141,141,141,141,141,,P,
BSMS,Base Shaker Molding,141,141,141,141,141,141,141,141,,P,
TKS,Toe Kick,94,94,94,94,94,94,94,94,,P,
VAL-30,"30"" Valance",52,52,52,52,52,52,52,52,,P,
VAL-48,"48"" Valance",72,72,72,72,72,72,72,72,,P,
VAL-60,"60"" Valance",95,95,95,95,95,95,95,95,,P,
VAL1-30,"30"" Valance",52,52,52,52,52,52,52,52,,P,
VAL1-48,"48"" Valance",72,72,72,72,72,72,72,72,,P,
VAL1-60,"60"" Valance",95,95,95,95,95,95,95,95,,P,
VAL2-48,"48"" Arched valance",295,295,295,295,295,295,295,295,,P,
VAL2-60,"60"" Arched valance",363,363,363,363,363,363,363,363,,P,
AG2418,Appliance Garage,900,900,900,900,900,900,900,900,,P,
CAG2418,Corner Appliance Garage,995,995,995,995,995,995,995,995,,P,
WDE1230,"30"" Wall Decorative Door",197,197,197,213,213,213,220,220,,P,
WDE1236,"36"" Wall Decorative Door",217,217,217,235,235,235,243,243,,P,
WDE1242,"42"" Wall Decorative Door",247,247,247,267,267,267,276,276,,P,
BDE24,Base Decorative Door,316,316,316,342,342,342,353,353,,P,
TDE84,"84"" Tall Decorative Door",566,566,566,612,612,612,631,631,,P,
TDE90,"90"" Tall Decorative Door",598,598,598,647,647,647,667,667,,P,
TDE96,"96"" Tall Decorative Door",675,675,675,730,730,730,752,752,,P,
POST-P36,Post,544,544,544,544,544,544,544,544,,P,
POST-F36,Fluted Post,579,579,579,579,579,579,579,579,,P,
POST-S36,Shaker Post,732,732,732,732,732,732,732,732,,P,
SPINBASE-P,Base Spindle,311,311,311,311,311,311,311,311,,P,
SPIN-P-30,"30""  Spindle",304,304,304,304,304,304,304,304,,P,
SPIN-P-36,"36""  Spindle",315,315,315,315,315,315,315,315,,P,
SPIN-P-42,"42""  Spindle",328,328,328,328,328,328,328,328,,P,
SPINBASE-F,Fluted Base Spindle,331,331,331,331,331,331,331,331,,P,
SPIN-F-30,"30"" Fluted Spindle",324,324,324,324,324,324,324,324,,P,
SPIN-F-36,"36"" Fluted Spindle",335,335,335,335,335,335,335,335,,P,
SPIN-F-42,"42"" Fluted Spindle",348,348,348,348,348,348,348,348,,P,
SPINBASE-S,Shaker Base Spindle ,483,483,483,483,483,483,483,483,,P,
SPIN-S-30,"30"" Shaker Spindle",479,479,479,479,479,479,479,479,,P,
SPIN-S-36,"36"" Shaker Spindle",485,485,485,485,485,485,485,485,,P,
SPIN-S-42,"42"" Shaker Spindle",495,495,495,495,495,495,495,495,,P,
CS7,"7"" Shaker Corbel",302,302,302,302,302,302,302,302,,P,
CS10,"10"" Shaker Corbel",321,321,321,321,321,321,321,321,,P,
CV7,"7"" Violin Corbel",281,281,281,281,281,281,281,281,,P,
CV10,"10"" Violin Corbel",308,308,308,308,308,308,308,308,,P,
WCUBY,Wine Cubby,400,400,400,450,450,450,450,450,,P,
POS12,"12"" Pull Out Shelf",102,102,102,102,102,102,102,102,,P,
POS15,"15"" Pull Out Shelf",111,111,111,111,111,111,111,111,,P,
POS18,"18"" Pull Out Shelf",123,123,123,123,123,123,123,123,,P,
POS21,"21"" Pull Out Shelf",134,134,134,134,134,134,134,134,,P,
POS24,"24"" Pull Out Shelf",142,142,142,142,142,142,142,142,,P,
POS27,"27"" Pull Out Shelf",153,153,153,153,153,153,153,153,,P,
POS30,"30"" Pull Out Shelf",164,164,164,164,164,164,164,164,,P,
POS33,"33"" Pull Out Shelf",172,172,172,172,172,172,172,172,,P,
POS36,"36"" Pull Out Shelf",184,184,184,184,184,184,184,184,,P,
VDDT24X21,"24"" Vanity Desk Drawer",255,255,255,276,276,276,285,285,,P,
VDDT36X21,"36"" Vanity Desk Drawer",303,303,303,306,306,306,316,316,,P,
SGR30,"30"" Stem Glass Rack",529,529,529,555,555,555,555,555,,P,
SGR36,"36"" Stem Glass Rack",576,576,576,605,605,605,605,605,,P,
BUN-F,Fluted Bun Feet,270,270,270,270,270,270,270,270,,P,
BUN-P,Bun Feet,234,234,234,234,234,234,234,234,,P,
GLASS SHELF 12,"12"" Glass Shelf",103,103,103,103,103,103,103,103,,P,
GLASS SHELF 15,"15"" Glass Shelf",109,109,109,109,109,109,109,109,,P,
GLASS SHELF 18,"18"" Glass Shelf",114,114,114,114,114,114,114,114,,P,
GLASS SHELF 24,"24"" Glass Shelf",125,125,125,125,125,125,125,125,,P,
GLASS SHELF 30,"30"" Glass Shelf",136,136,136,136,136,136,136,136,,P,
GLASS SHELF 36,"36"" Glass Shelf",146,146,146,146,146,146,146,146,,P,
CW Glass Shelf 24,"24"" Corner Wall Glass Shelf",189,189,189,189,189,189,189,189,,P,
TUK,Touch Up Kit,97,97,97,97,97,97,97,97,,P,
PINT,Pint Stain,135,135,135,135,135,135,135,135,,P,
DS12,Door Sample,97,97,97,97,97,97,97,97,,P,
SBF15,Sample Base Front,154,154,154,154,154,154,154,154,,P,
MINI BASE,Sample Mini Base,384,384,384,384,384,384,384,384,,P,
I&P MOLDING CHAIN,#N/A,154,154,154,154,154,154,154,154,,P,
FLOATING SHELF-30,"30"" Floating Shelf",464,464,464,464,464,464,464,464,,P,
FLOATING SHELF-60,"60"" Floating Shelf",828,828,828,828,828,828,828,828,,P,
FLOATING SHELF-96,"96"" Floating Shelf",1270,1270,1270,1270,1270,1270,1270,1270,,P,
,,,,,,,,,,,,
,,,,,,,,,,,,
,,,,,,,,,,,,
,,,,,,,,,,,,
SKU,Description,Belmont Café Glaze,Bergen Shale,Bergen Latte,Sofia Pewter,Sofia Sable,Sofia Caramel,,,,,
1812,"12"" High Wall Cabinet",225,264,264,268,268,268,,,,I,
2412,"12"" High Wall Cabinet",275,322,322,327,327,327,,,,I,
3012,"12"" High Wall Cabinet",305,357,357,379,379,379,,,,I,
3312,"12"" High Wall Cabinet",339,397,397,419,419,419,,,,I,
3612,"12"" High Wall Cabinet",369,432,432,453,453,453,,,,I,
4212,"12"" High Wall Cabinet",397,465,465,482,482,482,,,,I,
4812,"12"" High Wall Cabinet",427,500,500,530,530,530,,,,I,
2415,"15"" High Wall Cabinet",286,335,335,355,355,355,,,,I,
3015,"15"" High Wall Cabinet",366,377,377,432,432,432,,,,I,
3315,"15"" High Wall Cabinet",395,399,399,480,480,480,,,,I,
3615,"15"" High Wall Cabinet",427,500,500,512,512,512,,,,I,
1818,"18"" High Wall Cabinet",239,280,280,282,282,282,,,,I,
2118,"18"" High Wall Cabinet",239,280,280,297,297,297,,,,I,
2418,"18"" High Wall Cabinet",305,357,357,379,379,379,,,,I,
3018,"18"" High Wall Cabinet",395,399,399,480,480,480,,,,I,
3318,"18"" High Wall Cabinet",427,432,432,512,512,512,,,,I,
3618,"18"" High Wall Cabinet",459,538,538,544,544,544,,,,I,
2421,"21"" High Wall Cabinet",335,392,392,415,415,415,,,,I,
3021,"21"" High Wall Cabinet",513,539,539,599,599,599,,,,I,
1224,"24"" High Wall Cabinet",300,351,351,371,371,371,,,,I,
1524,"24"" High Wall Cabinet",331,388,388,411,411,411,,,,I,
1824,"24"" High Wall Cabinet",362,424,424,446,446,446,,,,I,
2124,"24"" High Wall Cabinet",395,463,463,480,480,480,,,,I,
2424,"24"" High Wall Cabinet",448,462,462,530,530,530,,,,I,
2724,"24"" High Wall Cabinet",480,562,562,566,566,566,,,,I,
3024,"24"" High Wall Cabinet",513,519,519,599,599,599,,,,I,
3324,"24"" High Wall Cabinet",545,551,551,632,632,632,,,,I,
3624,"24"" High Wall Cabinet",575,673,673,662,662,662,,,,I,
4224,"24"" High Wall Cabinet",640,749,749,728,728,728,,,,I,
3027,"27"" High Wall Cabinet",522,611,611,621,621,621,,,,I,
3012x24,"24"" Deep Wall Cabinet",551,645,645,638,638,638,,,,I,
3612x24,"24"" Deep Wall Cabinet",616,623,623,704,704,704,,,,I,
4812x24,"24"" Deep Wall Cabinet",654,766,766,814,814,814,,,,I,
3015x24,"24"" Deep Wall Cabinet",554,560,560,641,641,641,,,,I,
3315x24,"24"" Deep Wall Cabinet",587,687,687,674,674,674,,,,I,
3615x24,"24"" Deep Wall Cabinet",619,681,681,707,707,707,,,,I,
3018X24,"24"" Deep Wall Cabinet",628,635,635,716,716,716,,,,I,
3318X24,"24"" Deep Wall Cabinet",605,708,708,693,693,693,,,,I,
3618X24,"24"" Deep Wall Cabinet",628,691,691,716,716,716,,,,I,
2424X24,"24"" Deep Wall Cabinet",480,562,562,566,566,566,,,,I,
3024x24,"24"" Deep Wall Cabinet",628,735,735,716,716,716,,,,I,
3324x24,"24"" Deep Wall Cabinet",661,774,774,749,749,749,,,,I,
3624x24,"24"" Deep Wall Cabinet",799,935,935,890,890,890,,,,I,
930,"30"" High Wall Cabinet",267,313,313,311,311,311,,,,I,
1230,"30"" High Wall Cabinet",300,351,351,344,344,344,,,,I,
1530,"30"" High Wall Cabinet",331,388,388,376,376,376,,,,I,
1830,"30"" High Wall Cabinet",362,424,424,407,407,407,,,,I,
2130,"30"" High Wall Cabinet",395,463,463,440,440,440,,,,I,
2430,"30"" High Wall Cabinet",457,535,535,542,542,542,,,,I,
2730,"30"" High Wall Cabinet",491,575,575,577,577,577,,,,I,
3030,"30"" High Wall Cabinet",523,612,612,609,609,609,,,,I,
3330,"30"" High Wall Cabinet",556,651,651,643,643,643,,,,I,
3630,"30"" High Wall Cabinet",587,687,687,674,674,674,,,,I,
3930,"30"" High Wall Cabinet",633,741,741,721,721,721,,,,I,
4230,"30"" High Wall Cabinet",668,782,782,757,757,757,,,,I,
4830,"30"" High Wall Cabinet",916,1072,1072,1086,1086,1086,,,,I,
5430,"30"" High Wall Cabinet",982,1149,1149,1153,1153,1153,,,,I,
CW2430,"30"" High Corner Wall cabinet",726,850,850,776,776,776,,,,I,
WSQ2430,"30"" High Wall Square Corner Cabinet",761,891,891,851,851,851,,,,I,
BLW27/3030,"30"" High Blind Wall cabinet",482,564,564,529,529,529,,,,I,
BLW30/3330,"30"" High Blind Wall cabinet",600,702,702,649,649,649,,,,I,
BLW36/3930,"30"" High Blind Wall cabinet",621,727,727,652,652,652,,,,I,
BLW39/4230,"30"" High Blind Wall cabinet",639,748,748,688,688,688,,,,I,
BLW42/4530,"30"" High Blind Wall cabinet",686,803,803,736,736,736,,,,I,
WFI1230,"30"" High Finished Interior Wall Cabinet",415,415,415,415,415,415,,,,I,
WFI1530,"30"" High Finished Interior Wall Cabinet",425,425,425,425,425,425,,,,I,
WFI1830,"30"" High Finished Interior Wall Cabinet",454,454,454,454,454,454,,,,I,
WFI2430,"30"" High Finished Interior Wall Cabinet",564,564,564,564,564,564,,,,I,
WFI3030,"30"" High Finished Interior Wall Cabinet",574,574,574,574,574,574,,,,I,
WFI3630,"30"" High Finished Interior Wall Cabinet",630,630,630,630,630,630,,,,I,
CWFI2430,"30"" High Finished Interior Corner Wall cabinet",655,655,655,655,655,655,,,,I,
GD1230,"30"" High Glass Door",158,185,185,197,197,197,,,,I,
GD1530,"30"" High Glass Door",161,189,189,200,200,200,,,,I,
GD1830,"30"" High Glass Door",179,210,210,221,221,221,,,,I,
GD2430,"30"" High Glass Door",316,370,370,394,394,394,,,,I,
GD3030,"30"" High Glass Door",322,377,377,400,400,400,,,,I,
GD3630,"30"" High Glass Door",358,419,419,442,442,442,,,,I,
GDCW2430,"30"" High Corner Wall Glass Door",161,189,189,200,200,200,,,,I,
MD1230,"30"" High Mullion Glass Door",174,204,204,216,216,216,,,,I,
MD1530,"30"" High Mullion Glass Door",177,208,208,219,219,219,,,,I,
MD1830,"30"" High Mullion Glass Door",198,232,232,241,241,241,,,,I,
MD2430,"30"" High Mullion Glass Door",348,408,408,432,432,432,,,,I,
MD3030,"30"" High Mullion Glass Door",354,415,415,438,438,438,,,,I,
MD3630,"30"" High Mullion Glass Door",396,464,464,482,482,482,,,,I,
MDCW2430,"30"" High Corner Wall Mullion Glass Door",177,208,208,219,219,219,,,,I,
ND1530,"30"" High 9 Light Glass Door",245,288,288,303,303,303,,,,I,
ND1830,"30"" High 9 Light Glass Door",274,321,321,333,333,333,,,,I,
ND3030,"30"" High 9 Light Glass Door",489,573,573,605,605,605,,,,I,
ND3630,"30"" High 9 Light Glass Door",547,641,641,666,666,666,,,,I,
NDCW2430,"30"" High 9 Light Corner Wall Glass Door",245,288,288,303,303,303,,,,I,
AFG1230,"30"" High Aluminum Glass Door",175,175,175,175,175,175,,,,I,
AFG1530,"30"" High Aluminum Glass Door",217,217,217,217,217,217,,,,I,
AFG1830,"30"" High Aluminum Glass Door",261,261,261,261,261,261,,,,I,
AFG2430,"30"" High Aluminum Glass Door",350,350,350,350,350,350,,,,I,
AFG3030,"30"" High Aluminum Glass Door",434,434,434,434,434,434,,,,I,
AFG3630,"30"" High Aluminum Glass Door",522,522,522,522,522,522,,,,I,
936,"36"" High Wall Cabinet",332,389,389,377,377,377,,,,I,
1236,"36"" High Wall Cabinet",362,424,424,407,407,407,,,,I,
1536,"36"" High Wall Cabinet",395,463,463,440,440,440,,,,I,
1836,"36"" High Wall Cabinet",438,513,513,484,484,484,,,,I,
2136,"36"" High Wall Cabinet",469,549,549,516,516,516,,,,I,
2436,"36"" High Wall Cabinet",522,611,611,608,608,608,,,,I,
2736,"36"" High Wall Cabinet",554,649,649,641,641,641,,,,I,
3036,"36"" High Wall Cabinet",587,687,687,674,674,674,,,,I,
3336,"36"" High Wall Cabinet",619,725,725,707,707,707,,,,I,
3636,"36"" High Wall Cabinet",651,762,762,739,739,739,,,,I,
3936,"36"" High Wall Cabinet",694,812,812,783,783,783,,,,I,
4236,"36"" High Wall Cabinet",714,836,836,803,803,803,,,,I,
4836,"36"" High Wall Cabinet",1045,1223,1223,1217,1217,1217,,,,I,
CW2436,"36"" High Corner Wall cabinet",788,922,922,839,839,839,,,,I,
CW2736,"36"" High Corner Wall cabinet",820,960,960,872,872,872,,,,I,
WSQ2436,"36"" High Wall Square Corner Cabinet",827,968,968,918,918,918,,,,I,
BLW27/3036,"36"" High Blind Wall cabinet",533,624,624,581,581,581,,,,I,
BLW30/3336,"36"" High Blind Wall cabinet",587,687,687,635,635,635,,,,I,
BLW36/3936,"36"" High Blind Wall cabinet",695,814,814,745,745,745,,,,I,
BLW39/4236,"36"" High Blind Wall cabinet",730,855,855,780,780,780,,,,I,
WFI1236,"36"" High Finished Interior Wall Cabinet",472,472,472,472,472,472,,,,I,
WFI1536,"36"" High Finished Interior Wall Cabinet",482,482,482,482,482,482,,,,I,
WFI1836,"36"" High Finished Interior Wall Cabinet",507,507,507,507,507,507,,,,I,
WFI2436,"36"" High Finished Interior Wall Cabinet",619,619,619,619,619,619,,,,I,
WFI3036,"36"" High Finished Interior Wall Cabinet",629,629,629,629,629,629,,,,I,
WFI3636,"36"" High Finished Interior Wall Cabinet",689,689,689,689,689,689,,,,I,
CWFI2436,"36"" High Finished Interior Corner Wall cabinet",817,817,817,817,817,817,,,,I,
CWFI2736,"36"" High Finished Interior Corner Wall cabinet",858,858,858,858,858,858,,,,I,
GD1236,"36"" High Glass Door",176,206,206,209,209,209,,,,I,
GD1536,"36"" High Glass Door",180,211,211,222,222,222,,,,I,
GD1836,"36"" High Glass Door",200,234,234,243,243,243,,,,I,
GD2436,"36"" High Glass Door",352,412,412,418,418,418,,,,I,
GD3036,"36"" High Glass Door",360,422,422,444,444,444,,,,I,
GD3636,"36"" High Glass Door",400,468,468,486,486,486,,,,I,
GDCW2436,"36"" High Corner Wall Glass Door",180,211,211,222,222,222,,,,I,
MD1236,"36"" High Mullion Glass Door",182,213,213,224,224,224,,,,I,
MD1536,"36"" High Mullion Glass Door",193,226,226,235,235,235,,,,I,
MD1836,"36"" High Mullion Glass Door",213,250,250,256,256,256,,,,I,
MD2436,"36"" High Mullion Glass Door",364,426,426,448,448,448,,,,I,
MD3036,"36"" High Mullion Glass Door",386,452,452,470,470,470,,,,I,
MD3636,"36"" High Mullion Glass Door",426,499,499,512,512,512,,,,I,
MDCW2436,"36"" High Corner Wall Mullion Glass Door",193,226,226,235,235,235,,,,I,
ND1536,"36"" High 9 Light Glass Door",267,312,312,325,325,325,,,,I,
ND1836,"36"" High 9 Light Glass Door",294,345,345,354,354,354,,,,I,
ND3036,"36"" High 9 Light Glass Door",533,624,624,649,649,649,,,,I,
ND3636,"36"" High 9 Light Glass Door",588,689,689,707,707,707,,,,I,
NDCW2436,"36"" High 9 Light Corner Wall Glass Door",267,312,312,325,325,325,,,,I,
AFG1236,"36"" High Aluminum Glass Door",209,209,209,209,209,209,,,,I,
AFG1536,"36"" High Aluminum Glass Door",261,261,261,261,261,261,,,,I,
AFG1836,"36"" High Aluminum Glass Door",314,314,314,314,314,314,,,,I,
AFG2436,"36"" High Aluminum Glass Door",418,418,418,418,418,418,,,,I,
AFG3036,"36"" High Aluminum Glass Door",522,522,522,522,522,522,,,,I,
AFG3636,"36"" High Aluminum Glass Door",628,628,628,628,628,628,,,,I,
942,"42"" High Wall Cabinet",385,451,451,430,430,430,,,,I,
1242,"42"" High Wall Cabinet",415,486,486,461,461,461,,,,I,
1542,"42"" High Wall Cabinet",448,525,525,494,494,494,,,,I,
1842,"42"" High Wall Cabinet",491,575,575,538,538,538,,,,I,
2142,"42"" High Wall Cabinet",534,625,625,582,582,582,,,,I,
2442,"42"" High Wall Cabinet",577,676,676,664,664,664,,,,I,
2742,"42"" High Wall Cabinet",611,715,715,699,699,699,,,,I,
3042,"42"" High Wall Cabinet",696,815,815,785,785,785,,,,I,
3342,"42"" High Wall Cabinet",732,857,857,822,822,822,,,,I,
3642,"42"" High Wall Cabinet",768,899,899,858,858,858,,,,I,
3942,"42"" High Wall Cabinet",810,948,948,901,901,901,,,,I,
4242,"42"" High Wall Cabinet",850,995,995,941,941,941,,,,I,
4842,"42"" High Wall Cabinet",1156,1353,1353,1330,1330,1330,,,,I,
CW2442,"42"" High Corner Wall cabinet",853,999,999,905,905,905,,,,I,
CW2742,"42"" High Corner Wall cabinet",885,1036,1036,938,938,938,,,,I,
WSQ2442,"42"" High Wall Square Corner Cabinet",856,1002,1002,947,947,947,,,,I,
BLW27/3042,"42"" High Blind Wall cabinet",602,705,705,678,678,678,,,,I,
BLW30/3342,"42"" High Blind Wall cabinet",612,717,717,661,661,661,,,,I,
BLW36/3942,"42"" High Blind Wall cabinet",730,855,855,808,808,808,,,,I,
BLW39/4242,"42"" High Blind Wall cabinet",720,843,843,864,864,864,,,,I,
WFI1242,"42"" High Finished Interior Wall Cabinet",527,527,527,527,527,527,,,,I,
WFI1542,"42"" High Finished Interior Wall Cabinet",537,537,537,537,537,537,,,,I,
WFI1842,"42"" High Finished Interior Wall Cabinet",563,563,563,563,563,563,,,,I,
WFI2442,"42"" High Finished Interior Wall Cabinet",679,679,679,679,679,679,,,,I,
WFI3042,"42"" High Finished Interior Wall Cabinet",689,689,689,689,689,689,,,,I,
WFI3642,"42"" High Finished Interior Wall Cabinet",747,747,747,747,747,747,,,,I,
CWFI2442,"42"" High Finished Interior Corner Wall cabinet",881,881,881,881,881,881,,,,I,
CWFI2742,"42"" High Finished Interior Corner Wall cabinet",925,925,925,925,925,925,,,,I,
GD1242,"42"" High Glass Door",197,231,231,231,231,231,,,,I,
GD1542,"42"" High Glass Door",201,236,236,244,244,244,,,,I,
GD1842,"42"" High Glass Door",220,258,258,263,263,263,,,,I,
GD2442,"42"" High Glass Door",393,460,460,462,462,462,,,,I,
GD3042,"42"" High Glass Door",402,471,471,488,488,488,,,,I,
GD3642,"42"" High Glass Door",440,515,515,526,526,526,,,,I,
GDCW2442,"42"" High Corner Wall Glass Door",201,236,236,244,244,244,,,,I,
MD1242,"42"" High Mullion Glass Door",202,237,237,245,245,245,,,,I,
MD1542,"42"" High Mullion Glass Door",214,251,251,259,259,259,,,,I,
MD1842,"42"" High Mullion Glass Door",233,273,273,276,276,276,,,,I,
MD2442,"42"" High Mullion Glass Door",404,473,473,490,490,490,,,,I,
MD3042,"42"" High Mullion Glass Door",428,501,501,518,518,518,,,,I,
MD3642,"42"" High Mullion Glass Door",466,546,546,552,552,552,,,,I,
MDCW2442,"42"" High Corner Wall Mullion Glass Door",214,251,251,259,259,259,,,,I,
ND1542,"42"" High 9 Light Glass Door",296,347,347,358,358,358,,,,I,
ND1842,"42"" High 9 Light Glass Door",322,377,377,381,381,381,,,,I,
ND3042,"42"" High 9 Light Glass Door",591,692,692,715,715,715,,,,I,
ND3642,"42"" High 9 Light Glass Door",644,754,754,762,762,762,,,,I,
NDCW2442,"42"" High 9 Light Corner Wall Glass Door",296,347,347,358,358,358,,,,I,
AFG1242,"42"" High Aluminum Glass Door",250,250,250,250,250,250,,,,I,
AFG1542,"42"" High Aluminum Glass Door",314,314,314,314,314,314,,,,I,
AFG1842,"42"" High Aluminum Glass Door",375,375,375,375,375,375,,,,I,
AFG2442,"42"" High Aluminum Glass Door",500,500,500,500,500,500,,,,I,
AFG3042,"42"" High Aluminum Glass Door",628,628,628,628,628,628,,,,I,
AFG3642,"42"" High Aluminum Glass Door",750,750,750,750,750,750,,,,I,
3012HD,"12"" High Horizontal cabinet",575,673,673,649,649,649,,,,I,
3015HD,"15"" High Horizontal cabinet",636,745,745,702,702,702,,,,I,
3018HD,"18"" High Horizontal cabinet",665,779,779,750,750,750,,,,I,
3612HD,"12"" High Horizontal cabinet",639,748,748,723,723,723,,,,I,
3615HD,"15"" High Horizontal cabinet",697,816,816,782,782,782,,,,I,
3618HD,"18"" High Horizontal cabinet",729,853,853,814,814,814,,,,I,
AFG3012HD,"12"" High Horizontal cabinet W/ Aluminum Frame Door",658,658,658,658,658,658,,,,I,
AFG3015HD,"15"" High Horizontal cabinet W/ Aluminum Frame Door",743,743,743,743,743,743,,,,I,
AFG3018HD,"18"" High Horizontal cabinet W/ Aluminum Frame Door",807,807,807,807,807,807,,,,I,
AFG3612HD,"12"" High Horizontal cabinet W/ Aluminum Frame Door",737,737,737,737,737,737,,,,I,
AFG3615HD,"15"" High Horizontal cabinet W/ Aluminum Frame Door",830,830,830,830,830,830,,,,I,
AFG3618HD,"18"" High Horizontal cabinet W/ Aluminum Frame Door",905,905,905,905,905,905,,,,I,
MW3018,"18"" Microwave Cabinet",325,325,325,325,325,325,,,,I,
MWS3018,"30"" Solid Frame Microwave Cabinet",492,492,492,578,578,578,,,,I,
MW3030,"30"" Microwave Cabinet",492,576,576,578,578,578,,,,I,
WEC1230,"30"" High Wall End Cabinet",374,438,438,404,404,404,,,,I,
WEC1236,"36"" High Wall End Cabinet",440,515,515,469,469,469,,,,I,
WEC1242,"42"" High Wall End Cabinet",506,593,593,534,534,534,,,,I,
WECD1230,"30"" High Wall End Door Cabinet",362,424,424,446,446,446,,,,I,
WECD1236,"36"" High Wall End Door Cabinet",427,500,500,512,512,512,,,,I,
WECD1242,"42"" High Wall End Door Cabinet",492,576,576,578,578,578,,,,I,
CW2418,"18"" High Top Of Counter cabinet",957,1120,1120,1007,1007,1007,,,,I,
WD1818,"18"" Top of Counter Cabinet",587,687,687,713,713,713,,,,I,
WD1848,"48"" Top of Counter Cabinet",1149,1311,1311,1320,1320,1320,,,,I,
WD1854,"54"" Top of Counter Cabinet",1225,1400,1400,1397,1397,1397,,,,I,
WD1860,"60"" Top of Counter Cabinet",1278,1462,1462,1451,1451,1451,,,,I,
WR3018,Wine Rack Cabinet,378,378,378,378,378,378,,,,I,
PR3018,Plate Rack Cabinet,378,378,378,378,378,378,,,,I,
WS630,"30"" High wall Knick Knack Shelf",160,160,160,160,160,160,,,,I,
WS636,"36"" High wall Knick Knack Shelf",189,189,189,189,189,189,,,,I,
WS642,"42"" High wall Knick Knack Shelf",217,217,217,217,217,217,,,,I,
WS1230,"30"" High wall Knick Knack Shelf",217,217,217,217,217,217,,,,I,
WS1236,"36"" High wall Knick Knack Shelf",234,234,234,234,234,234,,,,I,
WS1242,"42"" High wall Knick Knack Shelf",250,250,250,250,250,250,,,,I,
B9,"9"" Base Cabinet",448,525,525,522,522,522,,,,I,
B12,"12"" Base Cabinet",492,576,576,566,566,566,,,,I,
B15,"15"" Base Cabinet",533,624,624,608,608,608,,,,I,
B18,"18"" Base Cabinet",575,673,673,650,650,650,,,,I,
B21,"21"" Base Cabinet",619,725,725,695,695,695,,,,I,
B24,"24"" Base Cabinet",661,774,774,777,777,777,,,,I,
B27,"27"" Base Cabinet",705,825,825,821,821,821,,,,I,
B30,"30"" Base Cabinet",767,898,898,912,912,912,,,,I,
B33,"33"" Base Cabinet",828,969,969,974,974,974,,,,I,
B36,"36"" Base Cabinet",871,1020,1020,1017,1017,1017,,,,I,
B39,"39"" Base Cabinet",913,1069,1069,1060,1060,1060,,,,I,
B42,"42"" Base Cabinet",958,1121,1121,1106,1106,1106,,,,I,
B48,"48"" Base Cabinet",1046,1224,1224,1273,1273,1273,,,,I,
DB12,"12"" 3-Drawer Base cabinet",767,898,898,884,884,884,,,,I,
DB15,"15"" 3-Drawer Base cabinet",811,949,949,929,929,929,,,,I,
DB18,"18"" 3-Drawer Base cabinet",853,999,999,972,972,972,,,,I,
DB21,"21"" 3-Drawer Base cabinet",894,1046,1046,1013,1013,1013,,,,I,
DB24,"24"" 3-Drawer Base cabinet",979,1146,1146,1100,1100,1100,,,,I,
DB30,"30"" 3-Drawer Base cabinet",1068,1250,1250,1190,1190,1190,,,,I,
DB33,"33"" 3-Drawer Base cabinet",1089,1275,1275,1250,1250,1250,,,,I,
DB36,"36"" 3-Drawer Base cabinet",1109,1298,1298,1271,1271,1271,,,,I,
DB30-2,"30"" 2-Drawer Base cabinet",1068,1250,1250,1172,1172,1172,,,,I,
DB15-4,"15"" 4-Drawer Base cabinet",974,1139,1139,1115,1115,1115,,,,I,
DB18-4,"18"" 4-Drawer Base cabinet",1024,1199,1199,1167,1167,1167,,,,I,
DB21-4,"21"" 4-Drawer Base cabinet",1073,1256,1256,1216,1216,1216,,,,I,
DB30-4,"30"" 4-Drawer Base cabinet",1282,1500,1500,1428,1428,1428,,,,I,
B9FH,"9"" Full Height Base Cabinet",381,446,446,426,426,426,,,,I,
B12FH,"12"" Full Height Base Cabinet",406,476,476,452,452,452,,,,I,
B15FH,"15"" Full Height Base Cabinet",438,513,513,484,484,484,,,,I,
B18FH,"18"" Full Height Base Cabinet",455,533,533,501,501,501,,,,I,
B21FH,"21"" Full Height Base Cabinet",501,587,587,548,548,548,,,,I,
B24FH,"24"" Full Height Base Cabinet",554,649,649,641,641,641,,,,I,
B27FH,"27"" Full Height Base Cabinet",587,687,687,674,674,674,,,,I,
B30FH,"30"" Full Height Base Cabinet",619,725,725,707,707,707,,,,I,
B33FH,"33"" Full Height Base Cabinet",651,762,762,739,739,739,,,,I,
B36FH,"36"" Full Height Base Cabinet",681,797,797,770,770,770,,,,I,
B39FH,"39"" Full Height Base Cabinet",749,877,877,839,839,839,,,,I,
B42FH,"42"" Full Height Base Cabinet",824,965,965,915,915,915,,,,I,
B48FH,"48"" Full Height Base Cabinet",906,1061,1061,1076,1076,1076,,,,I,
SB24,"24"" Sink Base Cabinet",554,649,649,668,668,668,,,,I,
SB27,"27"" Sink Base Cabinet",587,687,687,702,702,702,,,,I,
SB30,"30"" Sink Base Cabinet",619,725,725,762,762,762,,,,I,
SB33,"33"" Sink Base Cabinet",651,762,762,794,794,794,,,,I,
SB36,"36"" Sink Base Cabinet",681,797,797,824,824,824,,,,I,
SB39,"39"" Sink Base Cabinet",725,849,849,869,869,869,,,,I,
SB42,"42"" Sink Base Cabinet",767,898,898,912,912,912,,,,I,
SB48,"48"" Sink Base Cabinet",882,1032,1032,1098,1098,1098,,,,I,
BLB36/39,"36/39"" Blind Base Cabinet",717,839,839,795,795,795,,,,I,
BLB39/42,"39/42"" Blind Base Cabinet",753,882,882,831,831,831,,,,I,
BLB42/45,"42/45"" Blind Base Cabinet",788,922,922,867,867,867,,,,I,
BLB45/48,"45/48"" Blind Base Cabinet",824,965,965,903,903,903,,,,I,
BLB48/51,"48/51"" Blind Base Cabinet",860,1007,1007,940,940,940,,,,I,
CSF36,"36"" Corner Sink Front cabinet",374,438,438,419,419,419,,,,I,
CSFFL36,"36"" Corner Sink Front Floor",95,95,95,95,95,95,,,,I,
CSB33,"33"" Corner Sink Base cabinet",1008,1180,1180,1090,1090,1090,,,,I,
CSB36,"36"" Corner Sink Base cabinet",1119,1310,1310,1203,1203,1203,,,,I,
BLS33,"33"" Base Lazy Susan Cabinet",1385,1621,1621,1484,1484,1484,,,,I,
BLS36,"36"" Base Lazy Susan Cabinet",1385,1621,1621,1484,1484,1484,,,,I,
BSQC33,"33"" Base Square Corner Cabinet",1140,1334,1334,1236,1236,1236,,,,I,
BSQC36,"36"" Base Square Corner Cabinet",1151,1347,1347,1247,1247,1247,,,,I,
BM24,"24"" Base Microwave Cabinet",839,982,982,891,891,891,,,,I,
BM30,"30"" Base Microwave Cabinet",891,1043,1043,944,944,944,,,,I,
BO30,"30"" Base Oven Cabinet",683,683,683,683,683,683,,,,I,
BO33,"33"" Base Oven Cabinet",780,780,780,780,780,780,,,,I,
BAC24FH,"24"" Base Angle Cabinet",746,873,873,864,864,864,,,,I,
BEC24,"24"" Base End Cabinet",746,873,873,836,836,836,,,,I,
BAC12FH,"12"" Base Angle Cabinet",483,566,566,501,501,501,,,,I,
BSP6,"6"" Base Spice Cabinet",364,426,426,409,409,409,,,,I,
BSP9,"9"" Base Spice Cabinet",438,513,513,484,484,484,,,,I,
BS24,"24"" Base Knick Knack Cabinet",294,294,294,294,294,294,,,,I,
FS30,"30"" Farm Sink Cabinet",1256,1470,1470,1366,1366,1366,,,,I,
FS33,"33"" Farm Sink Cabinet",1252,1465,1465,1398,1398,1398,,,,I,
FS36,"36"" Farm Sink Cabinet",1283,1502,1502,1429,1429,1429,,,,I,
UC1524x84,"84"" Utility Cabinet",1447,1520,1520,1567,1567,1567,,,,I,
UC1524x90,"90"" Utility Cabinet",1875,1969,1969,2001,2001,2001,,,,I,
UC1524x96,"96"" Utility Cabinet",2014,2115,2115,2142,2142,2142,,,,I,
UC1824x84,"84"" Utility Cabinet",1447,1592,1592,1567,1567,1567,,,,I,
UC1824x90,"90"" Utility Cabinet",1875,2063,2063,2001,2001,2001,,,,I,
UC1824x96,"96"" Utility Cabinet",2014,2216,2216,2142,2142,2142,,,,I,
UC2412x84,"84"" Utility Cabinet",1362,1499,1499,1578,1578,1578,,,,I,
UC2412x90,"90"" Utility Cabinet",1500,1650,1650,1718,1718,1718,,,,I,
UC2412x96,"96"" Utility Cabinet",1639,1803,1803,1859,1859,1859,,,,I,
UC2424x84,"84"" Utility Cabinet",1806,1987,1987,2029,2029,2029,,,,I,
UC2424x90,"90"" Utility Cabinet",1945,2140,2140,2170,2170,2170,,,,I,
UC2424x96,"96"" Utility Cabinet",2084,2293,2293,2311,2311,2311,,,,I,
UC3024x84,"84"" Utility Cabinet",2296,2526,2526,2526,2526,2526,,,,I,
UC3024x90,"90"" Utility Cabinet",2526,2779,2779,2760,2760,2760,,,,I,
UC3024x96,"96"" Utility Cabinet",2778,3056,3056,3015,3015,3015,,,,I,
OV3384,"84"" Oven Cabinet",1945,2276,2276,2146,2146,2146,,,,I,
OV3390,"90"" Oven Cabinet",2084,2439,2439,2288,2288,2288,,,,I,
OV3396,"96"" Oven Cabinet",2222,2600,2600,2428,2428,2428,,,,I,
V1816,"18"" Vanity Cabinet",459,538,538,533,533,533,,,,I,
V2418,"24"" Vanity Cabinet",587,687,687,678,678,678,,,,I,
V3018,"30"" Vanity Cabinet",612,717,717,703,703,703,,,,I,
V2121,"21"" Vanity Cabinet",533,624,624,608,608,608,,,,I,
V2421,"24"" Vanity Cabinet",607,711,711,722,722,722,,,,I,
V3021,"30"" Vanity Cabinet",672,787,787,788,788,788,,,,I,
V3621,"36"" Vanity Cabinet",746,873,873,863,863,863,,,,I,
V4221,"42"" Vanity Cabinet",1066,1248,1248,1174,1174,1174,,,,I,
V4821,"48"" Vanity Cabinet",1113,1303,1303,1341,1341,1341,,,,I,
V2421D,"24"" Vanity Combo Cabinet",1070,1252,1252,1219,1219,1219,,,,I,
V3021D,"30"" Vanity Combo Cabinet",1120,1311,1311,1270,1270,1270,,,,I,
V3621D,"36"" Vanity Combo Cabinet",1190,1393,1393,1341,1341,1341,,,,I,
V4821DD,"48"" Vanity Combo Cabinet",1735,2030,2030,2027,2027,2027,,,,I,
VDB1221,"12"" Vanity Drawer Base Cabinet",640,749,749,756,756,756,,,,I,
VDB1521,"15"" Vanity Drawer Base Cabinet",681,797,797,797,797,797,,,,I,
VDB1821,"18"" Vanity Drawer Base Cabinet",725,849,849,842,842,842,,,,I,
VL1821x80,Vanity Linen Cabinet,1332,1559,1559,1450,1450,1450,,,,I,
VOL1821x80,Vanity Open Linen Cabinet,1172,1372,1372,1249,1249,1249,,,,I,
WF330,"30"" Wall Filler",30,30,30,30,30,30,,,,I,
WF336,"36"" Wall Filler",37,37,37,37,37,37,,,,I,
WF342,"42"" Wall Filler",43,43,43,43,43,43,,,,I,
WF630,"30"" Wall Filler",50,50,50,50,50,50,,,,I,
WF636,"36"" Wall Filler",62,62,62,62,62,62,,,,I,
WF642,"42"" Wall Filler",69,69,69,69,69,69,,,,I,
OWF330,"30"" Overlay Wall Filler",32,32,32,32,32,32,,,,I,
OWF336,"36"" Overlay Wall Filler",37,37,37,37,37,37,,,,I,
OWF342,"42"" Overlay Wall Filler",45,45,45,45,45,45,,,,I,
TF396,"96"" Tall Filler",147,147,147,147,147,147,,,,I,
TF696,"96"" Tall Filler",246,246,246,246,246,246,,,,I,
OTF384,"84"" Overlay Tall Filler",129,129,129,129,129,129,,,,I,
OTF390,"90"" Overlay Tall Filler",137,137,137,137,137,137,,,,I,
OTF396,"96"" Overlay Tall Filler",147,147,147,147,147,147,,,,I,
BF3,"3"" Base Filler",45,45,45,45,45,45,,,,I,
BF6,"6"" Base Filler",74,74,74,74,74,74,,,,I,
FF330,"30"" Fluted Filler",63,63,63,103,103,103,,,,I,
FF336,"36"" Fluted Filler",74,74,74,120,120,120,,,,I,
FF342,"42"" Fluted Filler",95,95,95,152,152,152,,,,I,
FF630,"30"" Fluted Filler",109,109,109,174,174,174,,,,I,
FF636,"36"" Fluted Filler",124,124,124,192,192,192,,,,I,
FF642,"42"" Fluted Filler",140,140,140,182,182,182,,,,I,
DWR3,"3"" Dishwasher Return",141,141,141,141,141,141,,,,I,
DWR6,"6"" Dishwasher Return",179,179,179,179,179,179,,,,I,
REP396,Refrigerator End Panel,320,320,320,320,320,320,,,,I,
UREP1296,"12"" universal Refrigerator End Panel",143,143,143,143,143,143,,,,I,
UREP3096,"30"" universal Refrigerator End Panel",286,286,286,286,286,286,,,,I,
PLY1/4,"1/4"" Plywood",289,289,289,289,289,289,,,,I,
PLYB4X8,"1/4"" Beaded Plywood",320,320,320,450,450,450,,,,I,
WES30,"30"" Wall End  Skin",41,41,41,41,41,41,,,,I,
WES42,"42"" Wall End  Skin",54,54,54,54,54,54,,,,I,
BES34,Base End Skin,44,44,44,44,44,44,,,,I,
TES96,Tall End Skin,228,228,228,228,228,228,,,,I,
CLM-30,"30"" Column",220,220,220,220,220,220,,,,I,
CLM-36,"36"" Column",255,255,255,255,255,255,,,,I,
CLM-42,"42"" Column",298,298,298,298,298,298,,,,I,
CLM-96,"96"" Column",656,656,656,656,656,656,,,,I,
CLM-BASE,Base Column,405,405,405,405,405,405,,,,I,
DEP24,"24"" Desk End Panel",138,138,138,138,138,138,,,,I,
BWBK15-1,"15"" Waste Basket",481,481,481,481,481,481,,,,I,
BWBK18-2,"18"" Waste Basket",635,635,635,635,635,635,,,,I,
BWBK21-2,"21"" Waste Basket",881,881,881,881,881,881,,,,I,
SC-BWBK15-1,"15"" Soft Close Waste Basket",693,693,693,693,693,693,,,,I,
SC-BWBK18-2,"18"" Soft Close Waste Basket",847,847,847,847,847,847,,,,I,
WSP330,"30"" Wall Spice Pull Out",496,496,496,496,496,496,,,,I,
WSP336,"36"" Wall Spice Pull Out",524,524,524,524,524,524,,,,I,
WSP342,"42"" Wall Spice Pull Out",549,549,549,549,549,549,,,,I,
WSP630,"30"" Wall Spice Pull Out",558,558,558,558,558,558,,,,I,
WSP636,"36"" Wall Spice Pull Out",608,608,608,608,608,608,,,,I,
WSP642,"42"" Wall Spice Pull Out",642,642,642,642,642,642,,,,I,
TCD-15/18,"15/18"" Trimmable Cutlery Divider",262,262,262,262,262,262,,,,I,
TCD-21/24,"21/24"" Trimmable Cutlery Divider",312,312,312,312,312,312,,,,I,
DCD-15,"15"" Drawer Cutlery Divider",763,763,763,763,763,763,,,,I,
DCD-18,"18"" Drawer Cutlery Divider",779,779,779,779,779,779,,,,I,
DCD-21,"21"" Drawer Cutlery Divider",824,824,824,824,824,824,,,,I,
DCD-24,"24"" Drawer Cutlery Divider",872,872,872,872,872,872,,,,I,
PLASTIC-LS30,"30"" Wall Lazy Susan",285,285,285,285,285,285,,,,I,
PLASTIC-LS36/42,"42"" Wall Lazy Susan",440,440,440,440,440,440,,,,I,
WOOD-LS30,"30"" Wall Lazy Susan",563,563,563,563,563,563,,,,I,
WOOD-LS36/42,"36/42"" Wall Lazy Susan",880,880,880,880,880,880,,,,I,
TOT-15,"15"" Tilt Out Tray",166,166,166,166,166,166,,,,I,
TOT-18,"18"" Tilt Out Tray",168,168,168,168,168,168,,,,I,
BCO,Blind Corner Optimizer,1231,1231,1231,1231,1231,1231,,,,I,
SC-BCO,Soft Close Blind Corner Optimizer,1635,1635,1635,1635,1635,1635,,,,I,
RHC4236-CV,Range Hood Cabinet ,2327,2723,2723,2423,2423,2423,,,,I,
RHC4236-CS,Range Hood Cabinet ,2365,2768,2768,2481,2481,2481,,,,I,
RH3642,Range Hood,1419,1419,1419,1544,1544,1544,,,,I,
RHA3642,Arched Range Hood,1696,1696,1696,1821,1821,1821,,,,I,
CRM,Crown Molding,113,113,113,154,154,154,,,,I,
CRMS,Shaker Crown Molding,105,105,105,146,146,146,,,,I,
RCRM,Royal Crown Molding,217,217,217,260,260,260,,,,I,
RM,Rope Molding,36,36,36,36,36,36,,,,I,
DM,Dental Molding,38,38,38,38,38,38,,,,I,
RCRMS,Shaker Royal Crown Molding,217,217,217,260,260,260,,,,I,
RCRMC,Curved Shaker Royal Crown Molding,208,208,208,251,251,251,,,,I,
LTRM,Light Rail Molding,124,124,124,165,165,165,,,,I,
LTRMS,Shaker Light Rail Molding,124,124,124,124,124,124,,,,I,
TBM,Trim Beaded molding,80,80,80,121,121,121,,,,I,
TBMS,Shaker Trim Beaded molding,76,76,76,76,76,76,,,,I,
OCM,Outside Corner Molding,75,75,75,75,75,75,,,,I,
ICM,Inside Corner Molding,75,75,75,75,75,75,,,,I,
SCM,Scribe Molding,62,62,62,62,62,62,,,,I,
BSM,Base Molding,141,141,141,183,183,183,,,,I,
BSMS,Base Shaker Molding,141,141,141,183,183,183,,,,I,
TKS,Toe Kick,94,94,94,94,94,94,,,,I,
VAL-30,"30"" Valance",52,52,52,52,52,52,,,,I,
VAL-48,"48"" Valance",72,72,72,72,72,72,,,,I,
VAL-60,"60"" Valance",95,95,95,95,95,95,,,,I,
VAL1-30,"30"" Valance",52,52,52,52,52,52,,,,I,
VAL1-48,"48"" Valance",72,72,72,72,72,72,,,,I,
VAL1-60,"60"" Valance",95,95,95,95,95,95,,,,I,
VAL2-48,"48"" Arched valance",N/A,295,295,295,295,295,,,,I,
VAL2-60,"60"" Arched valance",N/A,363,363,442,442,442,,,,I,
AG2418,Appliance Garage,900,900,900,900,900,900,,,,I,
CAG2418,Corner Appliance Garage,995,995,995,995,995,995,,,,I,
WDE1230,"30"" Wall Decorative Door",213,250,250,255,255,255,,,,I,
WDE1236,"36"" Wall Decorative Door",235,275,275,278,278,278,,,,I,
WDE1242,"42"" Wall Decorative Door",267,313,313,311,311,311,,,,I,
BDE24,Base Decorative Door,342,401,401,405,405,405,,,,I,
TDE84,"84"" Tall Decorative Door",612,717,717,801,801,801,,,,I,
TDE90,"90"" Tall Decorative Door",647,757,757,836,836,836,,,,I,
TDE96,"96"" Tall Decorative Door",730,855,855,921,921,921,,,,I,
POST-P36,Post,544,544,544,633,633,633,,,,I,
POST-F36,Fluted Post,579,579,579,669,669,669,,,,I,
POST-S36,Shaker Post,732,732,732,846,846,846,,,,I,
SPINBASE-P,Base Spindle,311,311,311,375,375,375,,,,I,
SPIN-P-30,"30""  Spindle",304,304,304,367,367,367,,,,I,
SPIN-P-36,"36""  Spindle",315,315,315,379,379,379,,,,I,
SPIN-P-42,"42""  Spindle",328,328,328,393,393,393,,,,I,
SPINBASE-F,Fluted Base Spindle,331,331,331,396,396,396,,,,I,
SPIN-F-30,"30"" Fluted Spindle",324,324,324,389,389,389,,,,I,
SPIN-F-36,"36"" Fluted Spindle",335,335,335,401,401,401,,,,I,
SPIN-F-42,"42"" Fluted Spindle",348,348,348,414,414,414,,,,I,
SPINBASE-S,Shaker Base Spindle ,483,483,483,595,595,595,,,,I,
SPIN-S-30,"30"" Shaker Spindle",479,479,479,593,593,593,,,,I,
SPIN-S-36,"36"" Shaker Spindle",485,485,485,599,599,599,,,,I,
SPIN-S-42,"42"" Shaker Spindle",495,495,495,607,607,607,,,,I,
CS7,"7"" Shaker Corbel",302,302,302,340,340,340,,,,I,
CS10,"10"" Shaker Corbel",321,321,321,359,359,359,,,,I,
CV7,"7"" Violin Corbel",281,281,281,319,319,319,,,,I,
CV10,"10"" Violin Corbel",308,308,308,347,347,347,,,,I,
WCUBY,Wine Cubby,450,450,450,450,450,450,,,,I,
POS12,"12"" Pull Out Shelf",102,102,102,102,102,102,,,,I,
POS15,"15"" Pull Out Shelf",111,111,111,111,111,111,,,,I,
POS18,"18"" Pull Out Shelf",123,123,123,123,123,123,,,,I,
POS21,"21"" Pull Out Shelf",134,134,134,134,134,134,,,,I,
POS24,"24"" Pull Out Shelf",142,142,142,142,142,142,,,,I,
POS27,"27"" Pull Out Shelf",153,153,153,153,153,153,,,,I,
POS30,"30"" Pull Out Shelf",164,164,164,164,164,164,,,,I,
POS33,"33"" Pull Out Shelf",172,172,172,172,172,172,,,,I,
POS36,"36"" Pull Out Shelf",184,184,184,184,184,184,,,,I,
VDDT24X21,"24"" Vanity Desk Drawer",276,323,323,324,324,324,,,,I,
VDDT36X21,"36"" Vanity Desk Drawer",306,359,359,367,367,367,,,,I,
SGR30,"30"" Stem Glass Rack",555,555,555,555,555,555,,,,I,
SGR36,"36"" Stem Glass Rack",605,605,605,605,605,605,,,,I,
BUN-F,Fluted Bun Feet,270,270,270,356,356,356,,,,I,
BUN-P,Bun Feet,234,234,234,302,302,302,,,,I,
GLASS SHELF 12,"12"" Glass Shelf",103,103,103,103,103,103,,,,I,
GLASS SHELF 15,"15"" Glass Shelf",109,109,109,109,109,109,,,,I,
GLASS SHELF 18,"18"" Glass Shelf",114,114,114,114,114,114,,,,I,
GLASS SHELF 24,"24"" Glass Shelf",125,125,125,125,125,125,,,,I,
GLASS SHELF 30,"30"" Glass Shelf",136,136,136,136,136,136,,,,I,
GLASS SHELF 36,"36"" Glass Shelf",146,146,146,146,146,146,,,,I,
CW Glass Shelf 24,"24"" Corner Wall Glass Shelf",189,189,189,189,189,189,,,,I,
TUK,Touch Up Kit,97,97,97,97,97,97,,,,I,
PINT,Pint Stain,135,135,135,135,135,135,,,,I,
DS12,Door Sample,97,97,97,97,97,97,,,,I,
SBF15,Sample Base Front,154,154,154,154,154,154,,,,I,
MINI BASE,Sample Mini Base,384,384,384,384,384,384,,,,I,
I&P MOLDING CHAIN,#N/A,154,154,154,154,154,154,,,,I,
FLOATING SHELF-30,"30"" Floating Shelf",464,464,464,464,464,464,,,,I,
FLOATING SHELF-60,"60"" Floating Shelf",828,828,828,828,828,828,,,,I,
FLOATING SHELF-96,"96"" Floating Shelf",1270,1270,1270,1270,1270,1270,,,,I,
