LACM8,YW,196
LACM8,TW,196
LACM8,TD,196
LACM8,CS,196
LACM8,SC,196
LACM8,SG,196
LACM8,SD,196
LACM8,SA,196
LACM8,SW,196
U3096244RS,YW,3046
U3096244RS,TW,3046
U3096244RS,TD,3046
U3096244RS,CS,3046
U3096244RS,CW,3046
U3096244RS,SC,3046
U3096244RS,SG,2938
U3096244RS,SD,2938
U3096244RS,SA,2938
U3096244RS,SW,2831
U3090244RS,YW,2936
U3090244RS,TW,2936
U3090244RS,TD,2936
U3090244RS,CS,2936
U3090244RS,CW,2936
U3090244RS,SC,2936
U3090244RS,SG,2833
U3090244RS,SD,2833
U3090244RS,SA,2833
U3090244RS,SW,2731
U2496244RS,YW,2808
U2496244RS,TW,2808
U2496244RS,TD,2808
U2496244RS,CS,2808
U2496244RS,CW,2808
U2496244RS,SC,2808
U2496244RS,SG,2708
U2496244RS,SD,2708
U2496244RS,SA,2708
U2496244RS,SW,2607
U2490244RS,YW,2709
U2490244RS,TW,2709
U2490244RS,TD,2709
U2490244RS,CS,2709
U2490244RS,CW,2709
U2490244RS,SC,2709
U2490244RS,SG,2613
U2490244RS,SD,2613
U2490244RS,SA,2613
U2490244RS,SW,2517
U2484244RS,YW,2631
U2484244RS,TW,2631
U2484244RS,TD,2631
U2484244RS,CS,2631
U2484244RS,CW,2631
U2484244RS,SC,2631
U2484244RS,SG,2539
U2484244RS,SD,2539
U2484244RS,SA,2539
U2484244RS,SW,2448
U1896244RS,YW,2373
U1896244RS,TW,2373
U1896244RS,TD,2373
U1896244RS,CS,2373
U1896244RS,CW,2373
U1896244RS,SC,2373
U1896244RS,SG,2289
U1896244RS,SD,2289
U1896244RS,SA,2289
U1896244RS,SW,2205
U1890244RS,YW,2294
U1890244RS,TW,2294
U1890244RS,TD,2294
U1890244RS,CS,2294
U1890244RS,CW,2294
U1890244RS,SC,2294
U1890244RS,SG,2213
U1890244RS,SD,2213
U1890244RS,SA,2213
U1890244RS,SW,2134
U1884244RS,YW,2239
U1884244RS,TW,2239
U1884244RS,TD,2239
U1884244RS,CS,2239
U1884244RS,CW,2239
U1884244RS,SC,2239
U1884244RS,SG,2161
U1884244RS,SD,2161
U1884244RS,SA,2161
U1884244RS,SW,2083
WWC630,YW,310
WWC630,TW,310
WWC630,TD,310
WWC630,CS,310
WWC630,CW,310
WWC630,SC,310
WWC630,SG,295
WWC630,SD,295
WWC630,SA,295
WWC630,SW,279
WXRSHELF,YW,98
WXRSHELF,TW,98
WXRSHELF,TD,98
WXRSHELF,CW,98
WXRSHELF,SC,98
WXRSHELF,SD,98
WXRSHELF,SA,98
WXRSHELF,SW,98
WMSSHELF,YW,170
WMSSHELF,TW,170
WMSSHELF,TD,170
WMSSHELF,CW,170
WMSSHELF,SC,170
WMSSHELF,SD,170
WMSSHELF,SA,170
WMSSHELF,SW,170
WOC3018,YW,289
WOC3018,TW,289
WOC3018,TD,289
WOC3018,CW,289
WOC3018,SC,289
WOC3018,SD,289
WOC3018,SW,289
W3D24,YW,839
W3D24,TW,839
W3D24,TD,839
W3D24,CS,839
W3D24,CW,839
W3D24,SC,839
W3D24,SG,799
W3D24,SD,799
W3D24,SA,799
W3D24,SW,759
W3D18,YW,683
W3D18,TW,683
W3D18,TD,683
W3D18,CS,683
W3D18,CW,683
W3D18,SC,683
W3D18,SG,650
W3D18,SD,650
W3D18,SA,650
W3D18,SW,617
DCW2412GD,YW,527
DCW2412GD,TW,527
DCW2412GD,TD,527
DCW2412GD,CS,527
DCW2412GD,CW,527
W3612GD,YW,462
W3612GD,TW,462
W3612GD,TD,462
W3612GD,CS,462
W3612GD,CW,462
W3312GD,YW,440
W3312GD,TW,440
W3312GD,TD,440
W3312GD,CS,440
W3312GD,CW,440
W3012GD,YW,418
W3012GD,TW,418
W3012GD,TD,418
W3012GD,CS,418
W3012GD,CW,418
W2712GD,YW,398
W2712GD,TW,398
W2712GD,TD,398
W2712GD,CS,398
W2712GD,CW,398
W2412GD,YW,350
W2412GD,TW,350
W2412GD,TD,350
W2412GD,CS,350
W2412GD,CW,350
W2112GD,YW,306
W2112GD,TW,306
W2112GD,TD,306
W2112GD,CS,306
W2112GD,CW,306
W1812GD,YW,269
W1812GD,TW,269
W1812GD,TD,269
W1812GD,CS,269
W1812GD,CW,269
W1512GD,YW,243
W1512GD,TW,243
W1512GD,TD,243
W1512GD,CS,243
W1512GD,CW,243
W1212GD,YW,206
W1212GD,TW,206
W1212GD,TD,206
W1212GD,CS,206
W1212GD,CW,206
WER2442,YW,1094
WER2442,TW,1094
WER2442,TD,1094
WER2442,CS,1094
WER2442,CW,1094
WER2442,SC,1094
WER2442,SG,1042
WER2442,SD,1042
WER2442,SW,990
WER2436,YW,939
WER2436,TW,939
WER2436,TD,939
WER2436,CS,939
WER2436,CW,939
WER2436,SC,939
WER2436,SG,894
WER2436,SD,894
WER2436,SA,894
WER2436,SW,849
WER2430,YW,836
WER2430,TW,836
WER2430,TD,836
WER2430,CS,836
WER2430,CW,836
WER2430,SC,836
WER2430,SG,796
WER2430,SD,796
WER2430,SA,796
WER2430,SW,756
B36FH3RS,YW,2407
B36FH3RS,TW,2407
B36FH3RS,TD,2407
B36FH3RS,CS,2407
B36FH3RS,CW,2407
B36FH3RS,SC,2407
B36FH3RS,SG,2323
B36FH3RS,SD,2323
B36FH3RS,SA,2323
B36FH3RS,SW,2241
B33FH3RS,YW,2263
B33FH3RS,TW,2263
B33FH3RS,TD,2263
B33FH3RS,CS,2263
B33FH3RS,CW,2263
B33FH3RS,SC,2263
B33FH3RS,SG,2185
B33FH3RS,SD,2185
B33FH3RS,SA,2185
B33FH3RS,SW,2107
B30FH3RS,YW,2127
B30FH3RS,TW,2127
B30FH3RS,TD,2127
B30FH3RS,CS,2127
B30FH3RS,CW,2127
B30FH3RS,SC,2127
B30FH3RS,SG,2054
B30FH3RS,SD,2054
B30FH3RS,SA,2054
B30FH3RS,SW,1981
B27FH3RS,YW,1910
B27FH3RS,TW,1910
B27FH3RS,TD,1910
B27FH3RS,CS,1910
B27FH3RS,CW,1910
B27FH3RS,SC,1910
B27FH3RS,SG,1845
B27FH3RS,SD,1845
B27FH3RS,SA,1845
B27FH3RS,SW,1782
B24FH3RS,YW,1759
B24FH3RS,TW,1759
B24FH3RS,TD,1759
B24FH3RS,CS,1759
B24FH3RS,CW,1759
B24FH3RS,SC,1759
B24FH3RS,SG,1700
B24FH3RS,SD,1700
B24FH3RS,SA,1700
B24FH3RS,SW,1643
B21FH3RS,YW,1582
B21FH3RS,TW,1582
B21FH3RS,TD,1582
B21FH3RS,CS,1582
B21FH3RS,CW,1582
B21FH3RS,SC,1582
B21FH3RS,SG,1530
B21FH3RS,SD,1530
B21FH3RS,SA,1530
B21FH3RS,SW,1479
B18FH3RS,YW,1452
B18FH3RS,TW,1452
B18FH3RS,TD,1452
B18FH3RS,CS,1452
B18FH3RS,CW,1452
B18FH3RS,SC,1452
B18FH3RS,SG,1403
B18FH3RS,SD,1403
B18FH3RS,SA,1403
B18FH3RS,SW,1357
B36FH2RS,YW,2190
B36FH2RS,TW,2190
B36FH2RS,TD,2190
B36FH2RS,CS,2190
B36FH2RS,CW,2190
B36FH2RS,SC,2190
B36FH2RS,SG,2106
B36FH2RS,SD,2106
B36FH2RS,SA,2106
B36FH2RS,SW,2024
B33FH2RS,YW,2056
B33FH2RS,TW,2056
B33FH2RS,TD,2056
B33FH2RS,CS,2056
B33FH2RS,CW,2056
B33FH2RS,SC,2056
B33FH2RS,SG,1978
B33FH2RS,SD,1978
B33FH2RS,SA,1978
B33FH2RS,SW,1900
B30FH2RS,YW,1931
B30FH2RS,TW,1931
B30FH2RS,TD,1931
B30FH2RS,CS,1931
B30FH2RS,CW,1931
B30FH2RS,SC,1931
B30FH2RS,SG,1857
B30FH2RS,SD,1857
B30FH2RS,SA,1857
B30FH2RS,SW,1785
B27FH2RS,YW,1724
B27FH2RS,TW,1724
B27FH2RS,TD,1724
B27FH2RS,CS,1724
B27FH2RS,CW,1724
B27FH2RS,SC,1724
B27FH2RS,SG,1660
B27FH2RS,SD,1660
B27FH2RS,SA,1660
B27FH2RS,SW,1596
B24FH2RS,YW,1583
B24FH2RS,TW,1583
B24FH2RS,TD,1583
B24FH2RS,CS,1583
B24FH2RS,CW,1583
B24FH2RS,SC,1583
B24FH2RS,SG,1525
B24FH2RS,SD,1525
B24FH2RS,SA,1525
B24FH2RS,SW,1468
B21FH2RS,YW,1419
B21FH2RS,TW,1419
B21FH2RS,TD,1419
B21FH2RS,CS,1419
B21FH2RS,CW,1419
B21FH2RS,SC,1419
B21FH2RS,SG,1367
B21FH2RS,SD,1367
B21FH2RS,SA,1367
B21FH2RS,SW,1316
B18FH2RS,YW,1300
B18FH2RS,TW,1300
B18FH2RS,TD,1300
B18FH2RS,CS,1300
B18FH2RS,CW,1300
B18FH2RS,SC,1300
B18FH2RS,SG,1252
B18FH2RS,SD,1252
B18FH2RS,SA,1252
B18FH2RS,SW,1206
B362RS,YW,1626
B362RS,TW,1626
B362RS,TD,1626
B362RS,CS,1626
B362RS,CW,1626
B362RS,SC,1626
B362RS,SG,1570
B362RS,SD,1570
B362RS,SA,1570
B362RS,SW,1513
B332RS,YW,1532
B332RS,TW,1532
B332RS,TD,1532
B332RS,CS,1532
B332RS,CW,1532
B332RS,SC,1532
B332RS,SG,1478
B332RS,SD,1478
B332RS,SA,1478
B332RS,SW,1425
B302RS,YW,1446
B302RS,TW,1446
B302RS,TD,1446
B302RS,CS,1446
B302RS,CW,1446
B302RS,SC,1446
B302RS,SG,1395
B302RS,SD,1395
B302RS,SA,1395
B302RS,SW,1345
B272RS,YW,1278
B272RS,TW,1278
B272RS,TD,1278
B272RS,CS,1278
B272RS,CW,1278
B272RS,SC,1278
B272RS,SG,1235
B272RS,SD,1235
B272RS,SA,1235
B272RS,SW,1192
B242RS,YW,1177
B242RS,TW,1177
B242RS,TD,1177
B242RS,CS,1177
B242RS,CW,1177
B242RS,SC,1177
B242RS,SG,1137
B242RS,SD,1137
B242RS,SA,1137
B242RS,SW,1098
B212RS,YW,1077
B212RS,TW,1077
B212RS,TD,1077
B212RS,CS,1077
B212RS,CW,1077
B212RS,SC,1077
B212RS,SG,1042
B212RS,SD,1042
B212RS,SA,1042
B212RS,SW,1006
B182RS,YW,998
B182RS,TW,998
B182RS,TD,998
B182RS,CS,998
B182RS,CW,998
B182RS,SC,998
B182RS,SG,964
B182RS,SD,964
B182RS,SA,964
B182RS,SW,931
B36FH1RS,YW,1972
B36FH1RS,TW,1972
B36FH1RS,TD,1972
B36FH1RS,CS,1972
B36FH1RS,CW,1972
B36FH1RS,SC,1972
B36FH1RS,SG,1889
B36FH1RS,SD,1889
B36FH1RS,SA,1889
B36FH1RS,SW,1806
B33FH1RS,YW,1849
B33FH1RS,TW,1849
B33FH1RS,TD,1849
B33FH1RS,CS,1849
B33FH1RS,CW,1849
B33FH1RS,SC,1849
B33FH1RS,SG,1771
B33FH1RS,SD,1771
B33FH1RS,SA,1771
B33FH1RS,SW,1694
B30FH1RS,YW,1735
B30FH1RS,TW,1735
B30FH1RS,TD,1735
B30FH1RS,CS,1735
B30FH1RS,CW,1735
B30FH1RS,SC,1735
B30FH1RS,SG,1661
B30FH1RS,SD,1661
B30FH1RS,SA,1661
B30FH1RS,SW,1589
B27FH1RS,YW,1538
B27FH1RS,TW,1538
B27FH1RS,TD,1538
B27FH1RS,CS,1538
B27FH1RS,CW,1538
B27FH1RS,SC,1538
B27FH1RS,SG,1474
B27FH1RS,SD,1474
B27FH1RS,SA,1474
B27FH1RS,SW,1411
B24FH1RS,YW,1408
B24FH1RS,TW,1408
B24FH1RS,TD,1408
B24FH1RS,CS,1408
B24FH1RS,CW,1408
B24FH1RS,SC,1408
B24FH1RS,SG,1350
B24FH1RS,SD,1350
B24FH1RS,SA,1350
B24FH1RS,SW,1292
B21FH1RS,YW,1257
B21FH1RS,TW,1257
B21FH1RS,TD,1257
B21FH1RS,CS,1257
B21FH1RS,CW,1257
B21FH1RS,SC,1257
B21FH1RS,SG,1205
B21FH1RS,SD,1205
B21FH1RS,SA,1205
B21FH1RS,SW,1153
B18FH1RS,YW,1149
B18FH1RS,TW,1149
B18FH1RS,TD,1149
B18FH1RS,CS,1149
B18FH1RS,CW,1149
B18FH1RS,SC,1149
B18FH1RS,SG,1101
B18FH1RS,SD,1101
B18FH1RS,SA,1101
B18FH1RS,SW,1055
B361RS,YW,1409
B361RS,TW,1409
B361RS,TD,1409
B361RS,CS,1409
B361RS,CW,1409
B361RS,SC,1409
B361RS,SG,1352
B361RS,SD,1352
B361RS,SA,1352
B361RS,SW,1296
B331RS,YW,1325
B331RS,TW,1325
B331RS,TD,1325
B331RS,CS,1325
B331RS,CW,1325
B331RS,SC,1325
B331RS,SG,1272
B331RS,SD,1272
B331RS,SA,1272
B331RS,SW,1218
B301RS,YW,1250
B301RS,TW,1250
B301RS,TD,1250
B301RS,CS,1250
B301RS,CW,1250
B301RS,SC,1250
B301RS,SG,1199
B301RS,SD,1199
B301RS,SA,1199
B301RS,SW,1149
B271RS,YW,1092
B271RS,TW,1092
B271RS,TD,1092
B271RS,CS,1092
B271RS,CW,1092
B271RS,SC,1092
B271RS,SG,1049
B271RS,SD,1049
B271RS,SA,1049
B271RS,SW,1006
B241RS,YW,1002
B241RS,TW,1002
B241RS,TD,1002
B241RS,CS,1002
B241RS,CW,1002
B241RS,SC,1002
B241RS,SG,962
B241RS,SD,962
B241RS,SA,962
B241RS,SW,923
B211RS,YW,915
B211RS,TW,915
B211RS,TD,915
B211RS,CS,915
B211RS,CW,915
B211RS,SC,915
B211RS,SG,879
B211RS,SD,879
B211RS,SA,879
B211RS,SW,843
B181RS,YW,846
B181RS,TW,846
B181RS,TD,846
B181RS,CS,846
B181RS,CW,846
B181RS,SC,846
B181RS,SG,813
B181RS,SD,813
B181RS,SA,813
B181RS,SW,780
B18FHTD,YW,1197
B18FHTD,TW,1197
B18FHTD,TD,1197
B18FHTD,CS,1197
B18FHTD,CW,1197
W1230,VMN,306
W1230,VSG,306
W1230,VPB,306
W0930,VMN,265
W0930,VSG,265
W0930,VPB,265
W362324,VSG,731
W362324,VPB,731
W332324,VSG,689
W332324,VPB,689
W302324,VSG,644
W302324,VPB,644
W242324,VSG,556
W242324,VPB,556
W242324S,VSG,523
W242324S,VPB,523
W182324,VSG,434
W182324,VPB,434
W152324,VSG,390
W152324,VPB,390
W122324,VSG,346
W122324,VPB,346
W362024,PGW,785
W362024,VSG,724
W362024,VPB,724
W362024,RCS,666
W362024,ROS,666
W362024,TWP,666
W362024,TGW,666
W362024,TDW,666
W361824,VSG,562
W361824,VPB,562
W331824,VSG,528
W331824,VPB,528
W301824,VSG,496
W301824,VPB,496
W241824,VSG,431
W241824,VPB,431
W181824,VSG,334
W181824,VPB,334
W151824,VSG,301
W151824,VPB,301
W121824,VSG,269
W121824,VPB,269
W361524,VSG,521
W361524,VPB,521
W361524,ROS,483
W361224,VSG,493
W361224,VPB,493
W331224,VSG,463
W331224,VPB,463
W301224,VSG,432
W301224,VPB,432
W241224,VSG,373
W241224,VPB,373
W181224,VSG,285
W181224,VPB,285
W151224,VSG,254
W151224,VPB,254
W121224,VSG,225
W121224,VPB,225
W3623,VMN,532
W3623,VSG,532
W3623,VPB,532
W3323,VMN,502
W3323,VSG,502
W3323,VPB,502
W3023,VMN,469
W3023,VSG,469
W3023,VPB,469
W2723,VMN,436
W2723,VSG,436
W2723,VPB,436
W2423,VMN,404
W2423,VSG,404
W2423,VPB,404
W2423S,VMN,371
W2423S,VSG,371
W2423S,VPB,371
W2123,VMN,338
W2123,VSG,338
W2123,VPB,338
W1823,VMN,305
W1823,VSG,305
W1823,VPB,305
W1523,VMN,274
W1523,VSG,274
W1523,VPB,274
W1223,VMN,241
W1223,VSG,241
W1223,VPB,241
W3618,VSG,422
W3618,VPB,422
W3318,VSG,395
W3318,VPB,395
W3018,VSG,371
W3018,VPB,371
W2418,VSG,323
W2418,VPB,323
W3615,VSG,393
W3615,VPB,393
W3315,VSG,369
W3315,VPB,369
W3015,VSG,346
W3015,VPB,346
W2415,VSG,300
W2415,VPB,300
W3612,VSG,366
W3612,VPB,366
W3312,VSG,343
W3312,VPB,343
W3012,VSG,321
W3012,VPB,321
W2412,VSG,277
W2412,VPB,277
DDR3DB36-BLUM,PGW,2042
DDR3DB36-BLUM,VMN,1991
DDR3DB36-BLUM,VSG,1991
DDR3DB36-BLUM,VPB,1991
DDR3DB36-BLUM,RCS,1925
DDR3DB36-BLUM,ROS,1925
DDR3DB36-BLUM,TWP,1925
DDR3DB36-BLUM,TGW,1925
DDR3DB36-BLUM,TDW,1925
DDR3DB33-BLUM,PGW,1962
DDR3DB33-BLUM,VMN,1914
DDR3DB33-BLUM,VSG,1914
DDR3DB33-BLUM,VPB,1914
DDR3DB33-BLUM,RCS,1854
DDR3DB33-BLUM,ROS,1854
DDR3DB33-BLUM,TWP,1854
DDR3DB33-BLUM,TGW,1854
DDR3DB33-BLUM,TDW,1854
DDR3DB30-BLUM,PGW,1884
DDR3DB30-BLUM,VMN,1845
DDR3DB30-BLUM,VSG,1845
DDR3DB30-BLUM,VPB,1845
DDR3DB30-BLUM,RCS,1788
DDR3DB30-BLUM,ROS,1788
DDR3DB30-BLUM,TWP,1788
DDR3DB30-BLUM,TGW,1788
DDR3DB30-BLUM,TDW,1788
DDR3DB24-BLUM,PGW,1727
DDR3DB24-BLUM,VMN,1700
DDR3DB24-BLUM,VSG,1700
DDR3DB24-BLUM,VPB,1700
DDR3DB24-BLUM,RCS,1652
DDR3DB24-BLUM,ROS,1652
DDR3DB24-BLUM,TWP,1652
DDR3DB24-BLUM,TGW,1652
DDR3DB24-BLUM,TDW,1652
DDR3DB18-BLUM,PGW,1572
DDR3DB18-BLUM,VMN,1557
DDR3DB18-BLUM,VSG,1557
DDR3DB18-BLUM,VPB,1557
DDR3DB18-BLUM,RCS,1518
DDR3DB18-BLUM,ROS,1518
DDR3DB18-BLUM,TWP,1518
DDR3DB18-BLUM,TGW,1518
DDR3DB18-BLUM,TDW,1518
DDR3DB15-BLUM,PGW,1491
DDR3DB15-BLUM,VMN,1482
DDR3DB15-BLUM,VSG,1482
DDR3DB15-BLUM,VPB,1482
DDR3DB15-BLUM,RCS,1446
DDR3DB15-BLUM,ROS,1446
DDR3DB15-BLUM,TWP,1446
DDR3DB15-BLUM,TGW,1446
DDR3DB15-BLUM,TDW,1446
DDR3DB12-BLUM,PGW,1414
DDR3DB12-BLUM,VMN,1411
DDR3DB12-BLUM,VSG,1411
DDR3DB12-BLUM,VPB,1411
DDR3DB12-BLUM,RCS,1381
DDR3DB12-BLUM,ROS,1381
DDR3DB12-BLUM,TWP,1381
DDR3DB12-BLUM,TGW,1381
DDR3DB12-BLUM,TDW,1381
DDR3DB36,VMN,1691
DDR3DB36,VSG,1691
DDR3DB36,VPB,1691
DDR3DB33,VMN,1614
DDR3DB33,VSG,1614
DDR3DB33,VPB,1614
DDR3DB30,VMN,1545
DDR3DB30,VSG,1545
DDR3DB30,VPB,1545
DDR3DB24,VMN,1400
DDR3DB24,VSG,1400
DDR3DB24,VPB,1400
DDR3DB18,VMN,1257
DDR3DB18,VSG,1257
DDR3DB18,VPB,1257
DDR3DB15,VMN,1182
DDR3DB15,VSG,1182
DDR3DB15,VPB,1182
DDR3DB12,VMN,1111
DDR3DB12,VSG,1111
DDR3DB12,VPB,1111
DDR2DB36-BLUM,PGW,1715
DDR2DB36-BLUM,VMN,1642
DDR2DB36-BLUM,VSG,1642
DDR2DB36-BLUM,VPB,1642
DDR2DB36-BLUM,RCS,1594
DDR2DB36-BLUM,ROS,1594
DDR2DB36-BLUM,TWP,1594
DDR2DB36-BLUM,TGW,1594
DDR2DB36-BLUM,TDW,1594
DDR2DB33-BLUM,PGW,1643
DDR2DB33-BLUM,VMN,1576
DDR2DB33-BLUM,VSG,1576
DDR2DB33-BLUM,VPB,1576
DDR2DB33-BLUM,RCS,1532
DDR2DB33-BLUM,ROS,1532
DDR2DB33-BLUM,TWP,1532
DDR2DB33-BLUM,TGW,1532
DDR2DB33-BLUM,TDW,1532
DDR2DB30-BLUM,PGW,1572
DDR2DB30-BLUM,VMN,1514
DDR2DB30-BLUM,VSG,1514
DDR2DB30-BLUM,VPB,1514
DDR2DB30-BLUM,RCS,1472
DDR2DB30-BLUM,ROS,1472
DDR2DB30-BLUM,TWP,1472
DDR2DB30-BLUM,TGW,1472
DDR2DB30-BLUM,TDW,1472
DDR2DB24-BLUM,PGW,1432
DDR2DB24-BLUM,VMN,1389
DDR2DB24-BLUM,VSG,1389
DDR2DB24-BLUM,VPB,1389
DDR2DB24-BLUM,RCS,1353
DDR2DB24-BLUM,ROS,1353
DDR2DB24-BLUM,TWP,1353
DDR2DB24-BLUM,TGW,1353
DDR2DB24-BLUM,TDW,1353
DDR2DB18-BLUM,PGW,1291
DDR2DB18-BLUM,VMN,1263
DDR2DB18-BLUM,VSG,1263
DDR2DB18-BLUM,VPB,1263
DDR2DB18-BLUM,RCS,1234
DDR2DB18-BLUM,ROS,1234
DDR2DB18-BLUM,TWP,1234
DDR2DB18-BLUM,TGW,1234
DDR2DB18-BLUM,TDW,1234
DDR2DB15-BLUM,PGW,1219
DDR2DB15-BLUM,VMN,1199
DDR2DB15-BLUM,VSG,1199
DDR2DB15-BLUM,VPB,1199
DDR2DB15-BLUM,RCS,1172
DDR2DB15-BLUM,ROS,1172
DDR2DB15-BLUM,TWP,1172
DDR2DB15-BLUM,TGW,1172
DDR2DB15-BLUM,TDW,1172
DDR2DB12-BLUM,PGW,1150
DDR2DB12-BLUM,VMN,1140
DDR2DB12-BLUM,VSG,1140
DDR2DB12-BLUM,VPB,1140
DDR2DB12-BLUM,RCS,1113
DDR2DB12-BLUM,ROS,1113
DDR2DB12-BLUM,TWP,1113
DDR2DB12-BLUM,TGW,1113
DDR2DB12-BLUM,TDW,1113
DDR2DB36,VMN,1402
DDR2DB36,VSG,1402
DDR2DB36,VPB,1402
DDR2DB33,VMN,1336
DDR2DB33,VSG,1336
DDR2DB33,VPB,1336
DDR2DB30,VMN,1274
DDR2DB30,VSG,1274
DDR2DB30,VPB,1274
DDR2DB24,VMN,1149
DDR2DB24,VSG,1149
DDR2DB24,VPB,1149
DDR2DB18,VMN,1023
DDR2DB18,VSG,1023
DDR2DB18,VPB,1023
DDR2DB15,VMN,959
DDR2DB15,VSG,959
DDR2DB15,VPB,959
DDR2DB12,VMN,900
DDR2DB12,VSG,900
DDR2DB12,VPB,900
DDO36,VMN,745
DDO36,VSG,745
DDO36,VPB,745
DDO33,VMN,703
DDO33,VSG,703
DDO33,VPB,703
DDO30,VMN,658
DDO30,VSG,658
DDO30,VPB,658
DDO24,VMN,570
DDO24,VSG,570
DDO24,VPB,570
DDO24S,VMN,537
DDO24S,VSG,537
DDO24S,VPB,537
DDO18,VMN,448
DDO18,VSG,448
DDO18,VPB,448
DDO15,VMN,404
DDO15,VSG,404
DDO15,VPB,404
DDO12,VMN,360
DDO12,VSG,360
DDO12,VPB,360
BMW30-BLUM,PGW,1237
BMW30-BLUM,VMN,1155
BMW30-BLUM,VSG,1155
BMW30-BLUM,VPB,1155
BMW30-BLUM,RCS,1099
BMW30-BLUM,ROS,1099
BMW30-BLUM,TGW,1099
BMW30-BLUM,TDW,1099
BMW27-BLUM,PGW,1174
BMW27-BLUM,VMN,1100
BMW27-BLUM,VSG,1100
BMW27-BLUM,VPB,1100
BMW27-BLUM,RCS,1055
BMW27-BLUM,ROS,1055
BMW27-BLUM,TWP,1055
BMW27-BLUM,TGW,1055
BMW27-BLUM,TDW,1055
BMW30,VMN,1015
BMW30,VSG,1015
BMW30,VPB,1015
BMW27,PGW,1034
BMW27,VMN,960
BMW27,VSG,960
BMW27,VPB,960
BMW27,RCS,915
BMW27,ROS,915
BMW27,TWP,915
BMW27,TGW,915
BMW27,TDW,915
LSB36,VMN,1764
LSB36,VSG,1764
LSB36,VPB,1764
LSB33,VMN,1587
LSB33,VSG,1587
LSB33,VPB,1587
BER36,VMN,1174
BER36,VSG,1174
BER36,VPB,1174
BER33,VMN,1043
BER33,VSG,1043
BER33,VPB,1043
BBC52/55FH,VMN,991
BBC52/55FH,VSG,991
BBC52/55FH,VPB,991
BBC49/52FH,VMN,975
BBC49/52FH,VSG,975
BBC49/52FH,VPB,975
BBC49/52SFH,VMN,939
BBC49/52SFH,VSG,939
BBC49/52SFH,VPB,939
BBC46/49FH,VMN,867
BBC46/49FH,VSG,867
BBC46/49FH,VPB,867
BBC43/46FH,VMN,852
BBC43/46FH,VSG,852
BBC43/46FH,VPB,852
BBC40/43FH,VMN,811
BBC40/43FH,VSG,811
BBC40/43FH,VPB,811
BBC37/40FH,VMN,768
BBC37/40FH,VSG,768
BBC37/40FH,VPB,768
RB4DB36-BLUM,PGW,2001
RB4DB36-BLUM,VMN,1933
RB4DB36-BLUM,VSG,1933
RB4DB36-BLUM,VPB,1933
RB4DB36-BLUM,RCS,1845
RB4DB36-BLUM,ROS,1845
RB4DB36-BLUM,TWP,1845
RB4DB36-BLUM,TGW,1845
RB4DB36-BLUM,TDW,1845
RB4DB33-BLUM,PGW,1928
RB4DB33-BLUM,VMN,1864
RB4DB33-BLUM,VSG,1864
RB4DB33-BLUM,VPB,1864
RB4DB33-BLUM,RCS,1784
RB4DB33-BLUM,ROS,1784
RB4DB33-BLUM,TWP,1784
RB4DB33-BLUM,TGW,1784
RB4DB33-BLUM,TDW,1784
RB4DB30-BLUM,PGW,1858
RB4DB30-BLUM,VMN,1806
RB4DB30-BLUM,VSG,1806
RB4DB30-BLUM,VPB,1806
RB4DB30-BLUM,RCS,1730
RB4DB30-BLUM,ROS,1730
RB4DB30-BLUM,TWP,1730
RB4DB30-BLUM,TGW,1730
RB4DB30-BLUM,TDW,1730
RB4DB27-BLUM,PGW,1789
RB4DB27-BLUM,VMN,1745
RB4DB27-BLUM,VSG,1745
RB4DB27-BLUM,VPB,1745
RB4DB27-BLUM,RCS,1673
RB4DB27-BLUM,ROS,1673
RB4DB27-BLUM,TWP,1673
RB4DB27-BLUM,TGW,1673
RB4DB27-BLUM,TDW,1673
RB4DB24-BLUM,PGW,1716
RB4DB24-BLUM,VMN,1680
RB4DB24-BLUM,VSG,1680
RB4DB24-BLUM,VPB,1680
RB4DB24-BLUM,RCS,1616
RB4DB24-BLUM,ROS,1616
RB4DB24-BLUM,TWP,1616
RB4DB24-BLUM,TGW,1616
RB4DB24-BLUM,TDW,1616
RB4DB36,VMN,1633
RB4DB36,VSG,1633
RB4DB36,VPB,1633
RB4DB33,VMN,1564
RB4DB33,VSG,1564
RB4DB33,VPB,1564
RB4DB30,VMN,1506
RB4DB30,VSG,1506
RB4DB30,VPB,1506
